1,1,1,1,1,1,7,7
1,1,1,1,1,2,7,10
1,1,1,1,1,3,7,13
1,1,1,1,1,4,7,16
1,1,1,1,1,5,7,19
1,1,1,1,1,6,7,22
1,1,1,1,1,7,7,25
1,1,1,1,1,8,7,28
1,1,1,1,1,9,7,31
1,1,1,1,1,10,7,34
1,1,1,1,1,11,7,37
1,1,1,1,1,12,7,40
1,1,1,1,1,13,7,43
1,1,1,1,1,14,7,46
1,1,1,1,1,15,7,49
1,1,1,1,1,16,7,52
1,1,1,1,1,17,7,55
1,1,1,1,1,18,7,58
1,1,1,1,1,19,7,61
1,1,1,1,1,20,7,64
1,1,1,1,1,21,7,67
1,1,1,1,1,22,7,70
1,1,1,1,1,23,7,73
1,1,1,1,1,24,7,76
1,1,1,1,1,25,7,79
1,1,1,1,1,26,7,82
1,1,1,1,1,27,7,85
1,1,1,1,1,28,7,88
1,1,1,1,1,29,7,91
1,1,1,1,1,30,7,94
1,1,1,1,1,31,7,97
1,1,1,1,1,32,7,100
1,1,1,1,1,33,7,103
1,1,1,1,1,34,7,106
1,1,1,1,1,35,7,109
1,1,1,1,1,36,7,112
1,1,1,1,1,37,7,115
1,1,1,1,1,38,7,118
1,1,1,1,1,39,7,121
1,1,1,1,1,40,7,124
1,1,1,1,1,41,7,127
1,1,1,1,1,42,7,130
1,1,1,1,1,43,7,133
1,1,1,1,1,44,7,136
1,1,1,1,1,45,7,139
1,1,1,1,1,46,7,142
1,1,1,1,1,47,7,145
1,1,1,1,1,48,7,148
1,1,1,1,1,49,7,151
1,1,1,1,1,50,7,154
1,1,1,1,1,51,7,157
1,1,1,1,1,52,7,160
1,1,1,1,1,53,7,163
1,1,1,1,1,54,7,166
1,1,1,1,1,55,7,169
1,1,1,1,1,56,7,172
1,1,1,1,1,57,7,175
1,1,1,1,1,58,7,178
1,1,1,1,1,59,7,181
1,1,1,1,1,60,7,184
1,1,1,1,1,61,7,187
1,1,1,1,1,62,7,190
1,1,1,1,1,63,7,193
1,1,1,1,1,64,7,196
1,1,1,1,1,65,7,199
1,1,1,1,1,66,7,202
1,1,1,1,1,67,7,205
1,1,1,1,1,68,7,208
1,1,1,1,1,69,7,211
1,1,1,1,1,70,7,214
1,1,1,1,1,71,7,217
1,1,1,1,1,72,7,220
1,1,1,1,1,73,7,223
1,1,1,1,1,74,7,226
1,1,1,1,1,75,7,229
1,1,1,1,1,76,7,232
1,1,1,1,1,77,7,235
1,1,1,1,1,78,7,238
1,1,1,1,1,79,7,241
1,1,1,1,1,80,7,244
1,1,1,1,1,81,7,247
1,1,1,1,1,82,7,250
1,1,1,1,1,83,7,253
1,1,1,1,1,84,7,256
1,1,1,1,1,85,7,259
1,1,1,1,1,86,7,262
1,1,1,1,1,87,7,265
1,1,1,1,1,88,7,268
1,1,1,1,1,89,7,271
1,1,1,1,1,90,7,274
1,1,1,1,1,91,7,277
1,1,1,1,1,92,7,280
1,1,1,1,1,93,7,283
1,1,1,1,1,94,7,286
1,1,1,1,1,95,7,289
1,1,1,1,1,96,7,292
1,1,1,1,1,97,7,295
1,1,1,1,1,98,7,298
1,1,1,1,1,99,7,301
1,1,1,1,1,100,7,304
1,1,1,1,1,101,7,307
1,1,1,1,1,102,7,310
1,1,1,1,1,103,7,313
1,1,1,1,1,104,7,316
1,1,1,1,1,105,7,319
1,1,1,1,1,106,7,322
1,1,1,1,1,107,7,325
1,1,1,1,1,108,7,328
1,1,1,1,1,109,7,331
1,1,1,1,1,110,7,334
1,1,1,1,1,111,7,337
1,1,1,1,1,112,7,340
1,1,1,1,1,113,7,343
1,1,1,1,1,114,7,346
1,1,1,1,1,115,7,349
1,1,1,1,1,116,7,352
1,1,1,1,1,117,7,355
1,1,1,1,1,118,7,358
1,1,1,1,1,119,7,361
1,1,1,1,1,120,7,364
1,1,1,1,1,121,7,367
1,1,1,1,1,122,7,370
1,1,1,1,1,123,7,373
1,1,1,1,1,124,7,376
1,1,1,1,1,125,7,379
1,1,1,1,1,126,7,382
1,1,1,1,1,127,7,385
1,1,1,1,1,128,7,388
1,1,1,1,1,129,7,391
1,1,1,1,1,130,7,394
1,1,1,1,1,131,7,397
1,1,1,1,1,132,7,400
1,1,1,1,1,133,7,403
1,1,1,1,1,134,7,406
1,1,1,1,1,135,7,409
1,1,1,1,1,136,7,412
1,1,1,1,1,137,7,415
1,1,1,1,1,138,7,418
1,1,1,1,1,139,7,421
1,1,1,1,1,140,7,424
1,1,1,1,1,141,7,427
1,1,1,1,1,142,7,430
1,1,1,1,1,143,7,433
1,1,1,1,1,144,7,436
1,1,1,1,1,145,7,439
1,1,1,1,1,146,7,442
1,1,1,1,1,147,7,445
1,1,1,1,1,148,7,448
1,1,1,1,1,149,7,451
1,1,1,1,1,150,7,454
1,1,1,1,1,151,7,457
1,1,1,1,1,152,7,460
1,1,1,1,1,153,7,463
1,1,1,1,1,154,7,466
1,1,1,1,1,155,7,469
1,1,1,1,1,156,7,472
1,1,1,1,1,157,7,475
1,1,1,1,1,158,7,478
1,1,1,1,1,159,7,481
1,1,1,1,1,160,7,484
1,1,1,1,1,161,7,487
1,1,1,1,1,162,7,490
1,1,1,1,1,163,7,493
1,1,1,1,1,164,7,496
1,1,1,1,1,165,7,499
1,1,1,1,1,166,7,502
1,1,1,1,1,167,7,505
1,1,1,1,1,168,7,508
1,1,1,1,1,169,7,511
1,1,1,1,1,170,7,514
1,1,1,1,1,171,7,517
1,1,1,1,1,172,7,520
1,1,1,1,1,173,7,523
1,1,1,1,1,174,7,526
1,1,1,1,1,175,7,529
1,1,1,1,1,176,7,532
1,1,1,1,1,177,7,535
1,1,1,1,1,178,7,538
1,1,1,1,1,179,7,541
1,1,1,1,1,180,7,544
1,1,1,1,1,181,7,547
1,1,1,1,1,182,7,550
1,1,1,1,1,183,7,553
1,1,1,1,1,184,7,556
1,1,1,1,1,185,7,559
1,1,1,1,1,186,7,562
1,1,1,1,1,187,7,565
1,1,1,1,1,188,7,568
1,1,1,1,1,189,7,571
1,1,1,1,1,190,7,574
1,1,1,1,1,191,7,577
1,1,1,1,1,192,7,580
1,1,1,1,1,193,7,583
1,1,1,1,1,194,7,586
1,1,1,1,1,195,7,589
1,1,1,1,1,196,7,592
1,1,1,1,1,197,7,595
1,1,1,1,1,198,7,598
1,1,1,1,1,199,7,601
1,1,1,1,1,200,7,604
1,1,1,1,1,201,7,607
1,1,1,1,1,202,7,610
1,1,1,1,1,203,7,613
1,1,1,1,1,204,7,616
1,1,1,1,1,205,7,619
1,1,1,1,1,206,7,622
1,1,1,1,1,207,7,625
1,1,1,1,1,208,7,628
1,1,1,1,1,209,7,631
1,1,1,1,1,210,7,634
1,1,1,1,1,211,7,637
1,1,1,1,1,212,7,640
1,1,1,1,1,213,7,643
1,1,1,1,1,214,7,646
1,1,1,1,1,215,7,649
1,1,1,1,1,216,7,652
1,1,1,1,1,217,7,655
1,1,1,1,1,218,7,658
1,1,1,1,1,219,7,661
1,1,1,1,1,220,7,664
1,1,1,1,1,221,7,667
1,1,1,1,1,222,7,670
1,1,1,1,1,223,7,673
1,1,1,1,1,224,7,676
1,1,1,1,1,225,7,679
1,1,1,1,1,226,7,682
1,1,1,1,1,227,7,685
1,1,1,1,1,228,7,688
1,1,1,1,1,229,7,691
1,1,1,1,1,230,7,694
1,1,1,1,1,231,7,697
1,1,1,1,1,232,7,700
1,1,1,1,1,233,7,703
1,1,1,1,1,234,7,706
1,1,1,1,1,235,7,709
1,1,1,1,1,236,7,712
1,1,1,1,1,237,7,715
1,1,1,1,1,238,7,718
1,1,1,1,1,239,7,721
1,1,1,1,1,240,7,724
1,1,1,1,1,241,7,727
1,1,1,1,1,242,7,730
1,1,1,1,1,243,7,733
1,1,1,1,1,244,7,736
1,1,1,1,1,245,7,739
1,1,1,1,1,246,7,742
1,1,1,1,1,247,7,745
1,1,1,1,1,248,7,748
1,1,1,1,1,249,7,751
1,1,1,1,1,250,7,754
1,1,1,1,1,251,7,757
1,1,1,1,1,252,7,760
1,1,1,1,1,253,7,763
1,1,1,1,1,254,7,766
1,1,1,1,1,255,7,769
1,1,1,1,1,256,7,772
1,1,1,1,1,257,7,775
1,1,1,1,1,258,7,778
1,1,1,1,1,259,7,781
1,1,1,1,1,260,7,784
1,1,1,1,1,261,7,787
1,1,1,1,1,262,7,790
1,1,1,1,1,263,7,793
1,1,1,1,1,264,7,796
1,1,1,1,1,265,7,799
1,1,1,1,1,266,7,802
1,1,1,1,1,267,7,805
1,1,1,1,1,268,7,808
1,1,1,1,1,269,7,811
1,1,1,1,1,270,7,814
1,1,1,1,1,271,7,817
1,1,1,1,1,272,7,820
1,1,1,1,1,273,7,823
1,1,1,1,1,274,7,826
1,1,1,1,1,275,7,829
1,1,1,1,1,276,7,832
1,1,1,1,1,277,7,835
1,1,1,1,1,278,7,838
1,1,1,1,1,279,7,841
1,1,1,1,1,280,7,844
1,1,1,1,1,281,7,847
1,1,1,1,1,282,7,850
1,1,1,1,1,283,7,853
1,1,1,1,1,284,7,856
1,1,1,1,1,285,7,859
1,1,1,1,1,286,7,862
1,1,1,1,1,287,7,865
1,1,1,1,1,288,7,868
1,1,1,1,1,289,7,871
1,1,1,1,1,290,7,874
1,1,1,1,1,291,7,877
1,1,1,1,1,292,7,880
1,1,1,1,1,293,7,883
1,1,1,1,1,294,7,886
1,1,1,1,1,295,7,889
1,1,1,1,1,296,7,892
1,1,1,1,1,297,7,895
1,1,1,1,1,298,7,898
1,1,1,1,1,299,7,901
1,1,1,1,1,300,7,904
1,1,1,1,1,301,7,907
1,1,1,1,1,302,7,910
1,1,1,1,1,303,7,913
1,1,1,1,1,304,7,916
1,1,1,1,1,305,7,919
1,1,1,1,1,306,7,922
1,1,1,1,1,307,7,925
1,1,1,1,1,308,7,928
1,1,1,1,1,309,7,931
1,1,1,1,1,310,7,934
1,1,1,1,1,311,7,937
1,1,1,1,1,312,7,940
1,1,1,1,1,313,7,943
1,1,1,1,1,314,7,946
1,1,1,1,1,315,7,949
1,1,1,1,1,316,7,952
1,1,1,1,1,317,7,955
1,1,1,1,1,318,7,958
1,1,1,1,1,319,7,961
1,1,1,1,1,320,7,964
1,1,1,1,1,321,7,967
1,1,1,1,1,322,7,970
1,1,1,1,1,323,7,973
1,1,1,1,1,324,7,976
1,1,1,1,1,325,7,979
1,1,1,1,1,326,7,982
1,1,1,1,1,327,7,985
1,1,1,1,1,328,7,988
1,1,1,1,1,329,7,991
1,1,1,1,1,330,7,994
1,1,1,1,1,331,7,997
1,1,1,1,1,332,7,1000
1,1,1,1,1,333,7,1003
1,1,1,1,1,334,7,1006
1,1,1,1,1,335,7,1009
1,1,1,1,1,336,7,1012
1,1,1,1,1,337,7,1015
1,1,1,1,1,338,7,1018
1,1,1,1,1,339,7,1021
1,1,1,1,1,340,7,1024
1,1,1,1,1,341,7,1027
1,1,1,1,1,342,7,1030
1,1,1,1,1,343,7,1033
1,1,1,1,1,344,7,1036
1,1,1,1,1,345,7,1039
1,1,1,1,1,346,7,1042
1,1,1,1,1,347,7,1045
1,1,1,1,1,348,7,1048
1,1,1,1,1,349,7,1051
1,1,1,1,1,350,7,1054
1,1,1,1,1,351,7,1057
1,1,1,1,1,352,7,1060
1,1,1,1,1,353,7,1063
1,1,1,1,1,354,7,1066
1,1,1,1,1,355,7,1069
1,1,1,1,1,356,7,1072
1,1,1,1,1,357,7,1075
1,1,1,1,1,358,7,1078
1,1,1,1,1,359,7,1081
1,1,1,1,1,360,7,1084
1,1,1,1,1,361,7,1087
1,1,1,1,1,362,7,1090
1,1,1,1,1,363,7,1093
1,1,1,1,1,364,7,1096
1,1,1,1,1,365,7,1099
1,1,1,1,1,366,7,1102
1,1,1,1,1,367,7,1105
1,1,1,1,1,368,7,1108
1,1,1,1,1,369,7,1111
1,1,1,1,1,370,7,1114
1,1,1,1,1,371,7,1117
1,1,1,1,1,372,7,1120
1,1,1,1,1,373,7,1123
1,1,1,1,1,374,7,1126
1,1,1,1,1,375,7,1129
1,1,1,1,1,376,7,1132
1,1,1,1,1,377,7,1135
1,1,1,1,1,378,7,1138
1,1,1,1,1,379,7,1141
1,1,1,1,1,380,7,1144
1,1,1,1,1,381,7,1147
1,1,1,1,1,382,7,1150
1,1,1,1,1,383,7,1153
1,1,1,1,1,384,7,1156
1,1,1,1,1,385,7,1159
1,1,1,1,1,386,7,1162
1,1,1,1,1,387,7,1165
1,1,1,1,1,388,7,1168
1,1,1,1,1,389,7,1171
1,1,1,1,1,390,7,1174
1,1,1,1,1,391,7,1177
1,1,1,1,1,392,7,1180
1,1,1,1,1,393,7,1183
1,1,1,1,1,394,7,1186
1,1,1,1,1,395,7,1189
1,1,1,1,1,396,7,1192
1,1,1,1,1,397,7,1195
1,1,1,1,1,398,7,1198
1,1,1,1,1,399,7,1201
1,1,1,1,1,400,7,1204
1,1,1,1,1,401,7,1207
1,1,1,1,1,402,7,1210
1,1,1,1,1,403,7,1213
1,1,1,1,1,404,7,1216
1,1,1,1,1,405,7,1219
1,1,1,1,1,406,7,1222
1,1,1,1,1,407,7,1225
1,1,1,1,1,408,7,1228
1,1,1,1,1,409,7,1231
1,1,1,1,1,410,7,1234
1,1,1,1,1,411,7,1237
1,1,1,1,1,412,7,1240
1,1,1,1,1,413,7,1243
1,1,1,1,1,414,7,1246
1,1,1,1,1,415,7,1249
1,1,1,1,1,416,7,1252
1,1,1,1,1,417,7,1255
1,1,1,1,1,418,7,1258
1,1,1,1,1,419,7,1261
1,1,1,1,1,420,7,1264
1,1,1,1,1,421,7,1267
1,1,1,1,1,422,7,1270
1,1,1,1,1,423,7,1273
1,1,1,1,1,424,7,1276
1,1,1,1,1,425,7,1279
1,1,1,1,1,426,7,1282
1,1,1,1,1,427,7,1285
1,1,1,1,1,428,7,1288
1,1,1,1,1,429,7,1291
1,1,1,1,1,430,7,1294
1,1,1,1,1,431,7,1297
1,1,1,1,1,432,7,1300
1,1,1,1,1,433,7,1303
1,1,1,1,1,434,7,1306
1,1,1,1,1,435,7,1309
1,1,1,1,1,436,7,1312
1,1,1,1,1,437,7,1315
1,1,1,1,1,438,7,1318
1,1,1,1,1,439,7,1321
1,1,1,1,1,440,7,1324
1,1,1,1,1,441,7,1327
1,1,1,1,1,442,7,1330
1,1,1,1,1,443,7,1333
1,1,1,1,1,444,7,1336
1,1,1,1,1,445,7,1339
1,1,1,1,1,446,7,1342
1,1,1,1,1,447,7,1345
1,1,1,1,1,448,7,1348
1,1,1,1,1,449,7,1351
1,1,1,1,1,450,7,1354
1,1,1,1,1,451,7,1357
1,1,1,1,1,452,7,1360
1,1,1,1,1,453,7,1363
1,1,1,1,1,454,7,1366
1,1,1,1,1,455,7,1369
1,1,1,1,1,456,7,1372
1,1,1,1,1,457,7,1375
1,1,1,1,1,458,7,1378
1,1,1,1,1,459,7,1381
1,1,1,1,1,460,7,1384
1,1,1,1,1,461,7,1387
1,1,1,1,1,462,7,1390
1,1,1,1,1,463,7,1393
1,1,1,1,1,464,7,1396
1,1,1,1,1,465,7,1399
1,1,1,1,1,466,7,1402
1,1,1,1,1,467,7,1405
1,1,1,1,1,468,7,1408
1,1,1,1,1,469,7,1411
1,1,1,1,1,470,7,1414
1,1,1,1,1,471,7,1417
1,1,1,1,1,472,7,1420
1,1,1,1,1,473,7,1423
1,1,1,1,1,474,7,1426
1,1,1,1,1,475,7,1429
1,1,1,1,1,476,7,1432
1,1,1,1,1,477,7,1435
1,1,1,1,1,478,7,1438
1,1,1,1,1,479,7,1441
1,1,1,1,1,480,7,1444
1,1,1,1,1,481,7,1447
1,1,1,1,1,482,7,1450
1,1,1,1,1,483,7,1453
1,1,1,1,1,484,7,1456
1,1,1,1,1,485,7,1459
1,1,1,1,1,486,7,1462
1,1,1,1,1,487,7,1465
1,1,1,1,1,488,7,1468
1,1,1,1,1,489,7,1471
1,1,1,1,1,490,7,1474
1,1,1,1,1,491,7,1477
1,1,1,1,1,492,7,1480
1,1,1,1,1,493,7,1483
1,1,1,1,1,494,7,1486
1,1,1,1,1,495,7,1489
1,1,1,1,1,496,7,1492
1,1,1,1,1,497,7,1495
1,1,1,1,1,498,7,1498
1,1,1,1,1,499,7,1501
1,1,1,1,1,500,7,1504
1,1,1,1,1,501,7,1507
1,1,1,1,1,502,7,1510
1,1,1,1,1,503,7,1513
1,1,1,1,1,504,7,1516
1,1,1,1,1,505,7,1519
1,1,1,1,1,506,7,1522
1,1,1,1,1,507,7,1525
1,1,1,1,1,508,7,1528
1,1,1,1,1,509,7,1531
1,1,1,1,1,510,7,1534
1,1,1,1,1,511,7,1537
1,1,1,1,1,512,7,1540
1,1,1,1,1,513,7,1543
1,1,1,1,1,514,7,1546
1,1,1,1,1,515,7,1549
1,1,1,1,1,516,7,1552
1,1,1,1,1,517,7,1555
1,1,1,1,1,518,7,1558
1,1,1,1,1,519,7,1561
1,1,1,1,1,520,7,1564
1,1,1,1,1,521,7,1567
1,1,1,1,1,522,7,1570
1,1,1,1,1,523,7,1573
1,1,1,1,1,524,7,1576
1,1,1,1,1,525,7,1579
1,1,1,1,1,526,7,1582
1,1,1,1,1,527,7,1585
1,1,1,1,1,528,7,1588
1,1,1,1,1,529,7,1591
1,1,1,1,1,530,7,1594
1,1,1,1,1,531,7,1597
1,1,1,1,1,532,7,1600
1,1,1,1,1,533,7,1603
1,1,1,1,1,534,7,1606
1,1,1,1,1,535,7,1609
1,1,1,1,1,536,7,1612
1,1,1,1,1,537,7,1615
1,1,1,1,1,538,7,1618
1,1,1,1,1,539,7,1621
1,1,1,1,1,540,7,1624
1,1,1,1,1,541,7,1627
1,1,1,1,1,542,7,1630
1,1,1,1,1,543,7,1633
1,1,1,1,1,544,7,1636
1,1,1,1,1,545,7,1639
1,1,1,1,1,546,7,1642
1,1,1,1,1,547,7,1645
1,1,1,1,1,548,7,1648
1,1,1,1,1,549,7,1651
1,1,1,1,1,550,7,1654
1,1,1,1,1,551,7,1657
1,1,1,1,1,552,7,1660
1,1,1,1,1,553,7,1663
1,1,1,1,1,554,7,1666
1,1,1,1,1,555,7,1669
1,1,1,1,1,556,7,1672
1,1,1,1,1,557,7,1675
1,1,1,1,1,558,7,1678
1,1,1,1,1,559,7,1681
1,1,1,1,1,560,7,1684
1,1,1,1,1,561,7,1687
1,1,1,1,1,562,7,1690
1,1,1,1,1,563,7,1693
1,1,1,1,1,564,7,1696
1,1,1,1,1,565,7,1699
1,1,1,1,1,566,7,1702
1,1,1,1,1,567,7,1705
1,1,1,1,1,568,7,1708
1,1,1,1,1,569,7,1711
1,1,1,1,1,570,7,1714
1,1,1,1,1,571,7,1717
1,1,1,1,1,572,7,1720
1,1,1,1,1,573,7,1723
1,1,1,1,1,574,7,1726
1,1,1,1,1,575,7,1729
1,1,1,1,1,576,7,1732
1,1,1,1,1,577,7,1735
1,1,1,1,1,578,7,1738
1,1,1,1,1,579,7,1741
1,1,1,1,1,580,7,1744
1,1,1,1,1,581,7,1747
1,1,1,1,1,582,7,1750
1,1,1,1,1,583,7,1753
1,1,1,1,1,584,7,1756
1,1,1,1,1,585,7,1759
1,1,1,1,1,586,7,1762
1,1,1,1,1,587,7,1765
1,1,1,1,1,588,7,1768
1,1,1,1,1,589,7,1771
1,1,1,1,1,590,7,1774
1,1,1,1,1,591,7,1777
1,1,1,1,1,592,7,1780
1,1,1,1,1,593,7,1783
1,1,1,1,1,594,7,1786
1,1,1,1,1,595,7,1789
1,1,1,1,1,596,7,1792
1,1,1,1,1,597,7,1795
1,1,1,1,1,598,7,1798
1,1,1,1,1,599,7,1801
1,1,1,1,1,600,7,1804
1,1,1,1,1,601,7,1807
1,1,1,1,1,602,7,1810
1,1,1,1,1,603,7,1813
1,1,1,1,1,604,7,1816
1,1,1,1,1,605,7,1819
1,1,1,1,1,606,7,1822
1,1,1,1,1,607,7,1825
1,1,1,1,1,608,7,1828
1,1,1,1,1,609,7,1831
1,1,1,1,1,610,7,1834
1,1,1,1,1,611,7,1837
1,1,1,1,1,612,7,1840
1,1,1,1,1,613,7,1843
1,1,1,1,1,614,7,1846
1,1,1,1,1,615,7,1849
1,1,1,1,1,616,7,1852
1,1,1,1,1,617,7,1855
1,1,1,1,1,618,7,1858
1,1,1,1,1,619,7,1861
1,1,1,1,1,620,7,1864
1,1,1,1,1,621,7,1867
1,1,1,1,1,622,7,1870
1,1,1,1,1,623,7,1873
1,1,1,1,1,624,7,1876
1,1,1,1,1,625,7,1879
1,1,1,1,1,626,7,1882
1,1,1,1,1,627,7,1885
1,1,1,1,1,628,7,1888
1,1,1,1,1,629,7,1891
1,1,1,1,1,630,7,1894
1,1,1,1,1,631,7,1897
1,1,1,1,1,632,7,1900
1,1,1,1,1,633,7,1903
1,1,1,1,1,634,7,1906
1,1,1,1,1,635,7,1909
1,1,1,1,1,636,7,1912
1,1,1,1,1,637,7,1915
1,1,1,1,1,638,7,1918
1,1,1,1,1,639,7,1921
1,1,1,1,1,640,7,1924
1,1,1,1,1,641,7,1927
1,1,1,1,1,642,7,1930
1,1,1,1,1,643,7,1933
1,1,1,1,1,644,7,1936
1,1,1,1,1,645,7,1939
1,1,1,1,1,646,7,1942
1,1,1,1,1,647,7,1945
1,1,1,1,1,648,7,1948
1,1,1,1,1,649,7,1951
1,1,1,1,1,650,7,1954
1,1,1,1,1,651,7,1957
1,1,1,1,1,652,7,1960
1,1,1,1,1,653,7,1963
1,1,1,1,1,654,7,1966
1,1,1,1,1,655,7,1969
1,1,1,1,1,656,7,1972
1,1,1,1,1,657,7,1975
1,1,1,1,1,658,7,1978
1,1,1,1,1,659,7,1981
1,1,1,1,1,660,7,1984
1,1,1,1,1,661,7,1987
1,1,1,1,1,662,7,1990
1,1,1,1,1,663,7,1993
1,1,1,1,1,664,7,1996
1,1,1,1,1,665,7,1999
1,1,1,1,1,666,7,2002
1,1,1,1,1,667,7,2005
1,1,1,1,1,668,7,2008
1,1,1,1,1,669,7,2011
1,1,1,1,1,670,7,2014
1,1,1,1,1,671,7,2017
1,1,1,1,1,672,7,2020
1,1,1,1,1,673,7,2023
1,1,1,1,1,674,7,2026
1,1,1,1,1,675,7,2029
1,1,1,1,1,676,7,2032
1,1,1,1,1,677,7,2035
1,1,1,1,1,678,7,2038
1,1,1,1,1,679,7,2041
1,1,1,1,1,680,7,2044
1,1,1,1,1,681,7,2047
1,1,1,1,1,682,7,2050
1,1,1,1,1,683,7,2053
1,1,1,1,1,684,7,2056
1,1,1,1,1,685,7,2059
1,1,1,1,1,686,7,2062
1,1,1,1,1,687,7,2065
1,1,1,1,1,688,7,2068
1,1,1,1,1,689,7,2071
1,1,1,1,1,690,7,2074
1,1,1,1,1,691,7,2077
1,1,1,1,1,692,7,2080
1,1,1,1,1,693,7,2083
1,1,1,1,1,694,7,2086
1,1,1,1,1,695,7,2089
1,1,1,1,1,696,7,2092
1,1,1,1,1,697,7,2095
1,1,1,1,1,698,7,2098
1,1,1,1,1,699,7,2101
1,1,1,1,1,700,7,2104
1,1,1,1,1,701,7,2107
1,1,1,1,1,702,7,2110
1,1,1,1,1,703,7,2113
1,1,1,1,1,704,7,2116
1,1,1,1,1,705,7,2119
1,1,1,1,1,706,7,2122
1,1,1,1,1,707,7,2125
1,1,1,1,1,708,7,2128
1,1,1,1,1,709,7,2131
1,1,1,1,1,710,7,2134
1,1,1,1,1,711,7,2137
1,1,1,1,1,712,7,2140
1,1,1,1,1,713,7,2143
1,1,1,1,1,714,7,2146
1,1,1,1,1,715,7,2149
1,1,1,1,1,716,7,2152
1,1,1,1,1,717,7,2155
1,1,1,1,1,718,7,2158
1,1,1,1,1,719,7,2161
1,1,1,1,1,720,7,2164
1,1,1,1,1,721,7,2167
1,1,1,1,1,722,7,2170
1,1,1,1,1,723,7,2173
1,1,1,1,1,724,7,2176
1,1,1,1,1,725,7,2179
1,1,1,1,1,726,7,2182
1,1,1,1,1,727,7,2185
1,1,1,1,1,728,7,2188
1,1,1,1,1,729,7,2191
1,1,1,1,1,730,7,2194
1,1,1,1,1,731,7,2197
1,1,1,1,1,732,7,2200
1,1,1,1,1,733,7,2203
1,1,1,1,1,734,7,2206
1,1,1,1,1,735,7,2209
1,1,1,1,1,736,7,2212
1,1,1,1,1,737,7,2215
1,1,1,1,1,738,7,2218
1,1,1,1,1,739,7,2221
1,1,1,1,1,740,7,2224
1,1,1,1,1,741,7,2227
1,1,1,1,1,742,7,2230
1,1,1,1,1,743,7,2233
1,1,1,1,1,744,7,2236
1,1,1,1,1,745,7,2239
1,1,1,1,1,746,7,2242
1,1,1,1,1,747,7,2245
1,1,1,1,1,748,7,2248
1,1,1,1,1,749,7,2251
1,1,1,1,1,750,7,2254
1,1,1,1,1,751,7,2257
1,1,1,1,1,752,7,2260
1,1,1,1,1,753,7,2263
1,1,1,1,1,754,7,2266
1,1,1,1,1,755,7,2269
1,1,1,1,1,756,7,2272
1,1,1,1,1,757,7,2275
1,1,1,1,1,758,7,2278
1,1,1,1,1,759,7,2281
1,1,1,1,1,760,7,2284
1,1,1,1,1,761,7,2287
1,1,1,1,1,762,7,2290
1,1,1,1,1,763,7,2293
1,1,1,1,1,764,7,2296
1,1,1,1,1,765,7,2299
1,1,1,1,1,766,7,2302
1,1,1,1,1,767,7,2305
1,1,1,1,1,768,7,2308
1,1,1,1,1,769,7,2311
1,1,1,1,1,770,7,2314
1,1,1,1,1,771,7,2317
1,1,1,1,1,772,7,2320
1,1,1,1,1,773,7,2323
1,1,1,1,1,774,7,2326
1,1,1,1,1,775,7,2329
1,1,1,1,1,776,7,2332
1,1,1,1,1,777,7,2335
1,1,1,1,1,778,7,2338
1,1,1,1,1,779,7,2341
1,1,1,1,1,780,7,2344
1,1,1,1,1,781,7,2347
1,1,1,1,1,782,7,2350
1,1,1,1,1,783,7,2353
1,1,1,1,1,784,7,2356
1,1,1,1,1,785,7,2359
1,1,1,1,1,786,7,2362
1,1,1,1,1,787,7,2365
1,1,1,1,1,788,7,2368
1,1,1,1,1,789,7,2371
1,1,1,1,1,790,7,2374
1,1,1,1,1,791,7,2377
1,1,1,1,1,792,7,2380
1,1,1,1,1,793,7,2383
1,1,1,1,1,794,7,2386
1,1,1,1,1,795,7,2389
1,1,1,1,1,796,7,2392
1,1,1,1,1,797,7,2395
1,1,1,1,1,798,7,2398
1,1,1,1,1,799,7,2401
1,1,1,1,1,800,7,2404
1,1,1,1,1,801,7,2407
1,1,1,1,1,802,7,2410
1,1,1,1,1,803,7,2413
1,1,1,1,1,804,7,2416
1,1,1,1,1,805,7,2419
1,1,1,1,1,806,7,2422
1,1,1,1,1,807,7,2425
1,1,1,1,1,808,7,2428
1,1,1,1,1,809,7,2431
1,1,1,1,1,810,7,2434
1,1,1,1,1,811,7,2437
1,1,1,1,1,812,7,2440
1,1,1,1,1,813,7,2443
1,1,1,1,1,814,7,2446
1,1,1,1,1,815,7,2449
1,1,1,1,1,816,7,2452
1,1,1,1,1,817,7,2455
1,1,1,1,1,818,7,2458
1,1,1,1,1,819,7,2461
1,1,1,1,1,820,7,2464
1,1,1,1,1,821,7,2467
1,1,1,1,1,822,7,2470
1,1,1,1,1,823,7,2473
1,1,1,1,1,824,7,2476
1,1,1,1,1,825,7,2479
1,1,1,1,1,826,7,2482
1,1,1,1,1,827,7,2485
1,1,1,1,1,828,7,2488
1,1,1,1,1,829,7,2491
1,1,1,1,1,830,7,2494
1,1,1,1,1,831,7,2497
1,1,1,1,1,832,7,2500
1,1,1,1,1,833,7,2503
1,1,1,1,1,834,7,2506
1,1,1,1,1,835,7,2509
1,1,1,1,1,836,7,2512
1,1,1,1,1,837,7,2515
1,1,1,1,1,838,7,2518
1,1,1,1,1,839,7,2521
1,1,1,1,1,840,7,2524
1,1,1,1,1,841,7,2527
1,1,1,1,1,842,7,2530
1,1,1,1,1,843,7,2533
1,1,1,1,1,844,7,2536
1,1,1,1,1,845,7,2539
1,1,1,1,1,846,7,2542
1,1,1,1,1,847,7,2545
1,1,1,1,1,848,7,2548
1,1,1,1,1,849,7,2551
1,1,1,1,1,850,7,2554
1,1,1,1,1,851,7,2557
1,1,1,1,1,852,7,2560
1,1,1,1,1,853,7,2563
1,1,1,1,1,854,7,2566
1,1,1,1,1,855,7,2569
1,1,1,1,1,856,7,2572
1,1,1,1,1,857,7,2575
1,1,1,1,1,858,7,2578
1,1,1,1,1,859,7,2581
1,1,1,1,1,860,7,2584
1,1,1,1,1,861,7,2587
1,1,1,1,1,862,7,2590
1,1,1,1,1,863,7,2593
1,1,1,1,1,864,7,2596
1,1,1,1,1,865,7,2599
1,1,1,1,1,866,7,2602
1,1,1,1,1,867,7,2605
1,1,1,1,1,868,7,2608
1,1,1,1,1,869,7,2611
1,1,1,1,1,870,7,2614
1,1,1,1,1,871,7,2617
1,1,1,1,1,872,7,2620
1,1,1,1,1,873,7,2623
1,1,1,1,1,874,7,2626
1,1,1,1,1,875,7,2629
1,1,1,1,1,876,7,2632
1,1,1,1,1,877,7,2635
1,1,1,1,1,878,7,2638
1,1,1,1,1,879,7,2641
1,1,1,1,1,880,7,2644
1,1,1,1,1,881,7,2647
1,1,1,1,1,882,7,2650
1,1,1,1,1,883,7,2653
1,1,1,1,1,884,7,2656
1,1,1,1,1,885,7,2659
1,1,1,1,1,886,7,2662
1,1,1,1,1,887,7,2665
1,1,1,1,1,888,7,2668
1,1,1,1,1,889,7,2671
1,1,1,1,1,890,7,2674
1,1,1,1,1,891,7,2677
1,1,1,1,1,892,7,2680
1,1,1,1,1,893,7,2683
1,1,1,1,1,894,7,2686
1,1,1,1,1,895,7,2689
1,1,1,1,1,896,7,2692
1,1,1,1,1,897,7,2695
1,1,1,1,1,898,7,2698
1,1,1,1,1,899,7,2701
1,1,1,1,1,900,7,2704
1,1,1,1,1,901,7,2707
1,1,1,1,1,902,7,2710
1,1,1,1,1,903,7,2713
1,1,1,1,1,904,7,2716
1,1,1,1,1,905,7,2719
1,1,1,1,1,906,7,2722
1,1,1,1,1,907,7,2725
1,1,1,1,1,908,7,2728
1,1,1,1,1,909,7,2731
1,1,1,1,1,910,7,2734
1,1,1,1,1,911,7,2737
1,1,1,1,1,912,7,2740
1,1,1,1,1,913,7,2743
1,1,1,1,1,914,7,2746
1,1,1,1,1,915,7,2749
1,1,1,1,1,916,7,2752
1,1,1,1,1,917,7,2755
1,1,1,1,1,918,7,2758
1,1,1,1,1,919,7,2761
1,1,1,1,1,920,7,2764
1,1,1,1,1,921,7,2767
1,1,1,1,1,922,7,2770
1,1,1,1,1,923,7,2773
1,1,1,1,1,924,7,2776
1,1,1,1,1,925,7,2779
1,1,1,1,1,926,7,2782
1,1,1,1,1,927,7,2785
1,1,1,1,1,928,7,2788
1,1,1,1,1,929,7,2791
1,1,1,1,1,930,7,2794
1,1,1,1,1,931,7,2797
1,1,1,1,1,932,7,2800
1,1,1,1,1,933,7,2803
1,1,1,1,1,934,7,2806
1,1,1,1,1,935,7,2809
1,1,1,1,1,936,7,2812
1,1,1,1,1,937,7,2815
1,1,1,1,1,938,7,2818
1,1,1,1,1,939,7,2821
1,1,1,1,1,940,7,2824
1,1,1,1,1,941,7,2827
1,1,1,1,1,942,7,2830
1,1,1,1,1,943,7,2833
1,1,1,1,1,944,7,2836
1,1,1,1,1,945,7,2839
1,1,1,1,1,946,7,2842
1,1,1,1,1,947,7,2845
1,1,1,1,1,948,7,2848
1,1,1,1,1,949,7,2851
1,1,1,1,1,950,7,2854
1,1,1,1,1,951,7,2857
1,1,1,1,1,952,7,2860
1,1,1,1,1,953,7,2863
1,1,1,1,1,954,7,2866
1,1,1,1,1,955,7,2869
1,1,1,1,1,956,7,2872
1,1,1,1,1,957,7,2875
1,1,1,1,1,958,7,2878
1,1,1,1,1,959,7,2881
1,1,1,1,1,960,7,2884
1,1,1,1,1,961,7,2887
1,1,1,1,1,962,7,2890
1,1,1,1,1,963,7,2893
1,1,1,1,1,964,7,2896
1,1,1,1,1,965,7,2899
1,1,1,1,1,966,7,2902
1,1,1,1,1,967,7,2905
1,1,1,1,1,968,7,2908
1,1,1,1,1,969,7,2911
1,1,1,1,1,970,7,2914
1,1,1,1,1,971,7,2917
1,1,1,1,1,972,7,2920
1,1,1,1,1,973,7,2923
1,1,1,1,1,974,7,2926
1,1,1,1,1,975,7,2929
1,1,1,1,1,976,7,2932
1,1,1,1,1,977,7,2935
1,1,1,1,1,978,7,2938
1,1,1,1,1,979,7,2941
1,1,1,1,1,980,7,2944
1,1,1,1,1,981,7,2947
1,1,1,1,1,982,7,2950
1,1,1,1,1,983,7,2953
1,1,1,1,1,984,7,2956
1,1,1,1,1,985,7,2959
1,1,1,1,1,986,7,2962
1,1,1,1,1,987,7,2965
1,1,1,1,1,988,7,2968
1,1,1,1,1,989,7,2971
1,1,1,1,1,990,7,2974
1,1,1,1,1,991,7,2977
1,1,1,1,1,992,7,2980
1,1,1,1,1,993,7,2983
1,1,1,1,1,994,7,2986
1,1,1,1,1,995,7,2989
1,1,1,1,1,996,7,2992
1,1,1,1,1,997,7,2995
1,1,1,1,1,998,7,2998
1,1,1,1,1,999,7,3001
1,1,1,1,1,1000,7,3004
1,1,1,1,1,1001,7,3007
1,1,1,1,1,1002,7,3010
1,1,1,1,1,1003,7,3013
1,1,1,1,1,1004,7,3016
1,1,1,1,1,1005,7,3019
1,1,1,1,1,1006,7,3022
1,1,1,1,1,1007,7,3025
1,1,1,1,1,1008,7,3028
1,1,1,1,1,1009,7,3031
1,1,1,1,1,1010,7,3034
1,1,1,1,1,1011,7,3037
1,1,1,1,1,1012,7,3040
1,1,1,1,1,1013,7,3043
1,1,1,1,1,1014,7,3046
1,1,1,1,1,1015,7,3049
1,1,1,1,1,1016,7,3052
1,1,1,1,1,1017,7,3055
1,1,1,1,1,1018,7,3058
1,1,1,1,1,1019,7,3061
1,1,1,1,1,1020,7,3064
1,1,1,1,1,1021,7,3067
1,1,1,1,1,1022,7,3070
1,1,1,1,1,1023,7,3073
1,1,1,1,1,1024,7,3076
1,1,1,1,1,1025,7,3079
1,1,1,1,1,1026,7,3082
1,1,1,1,1,1027,7,3085
1,1,1,1,1,1028,7,3088
1,1,1,1,1,1029,7,3091
1,1,1,1,1,1030,7,3094
1,1,1,1,1,1031,7,3097
1,1,1,1,1,1032,7,3100
1,1,1,1,1,1033,7,3103
1,1,1,1,1,1034,7,3106
1,1,1,1,1,1035,7,3109
1,1,1,1,1,1036,7,3112
1,1,1,1,1,1037,7,3115
1,1,1,1,1,1038,7,3118
1,1,1,1,1,1039,7,3121
1,1,1,1,1,1040,7,3124
1,1,1,1,1,1041,7,3127
1,1,1,1,1,1042,7,3130
1,1,1,1,1,1043,7,3133
1,1,1,1,1,1044,7,3136
1,1,1,1,1,1045,7,3139
1,1,1,1,1,1046,7,3142
1,1,1,1,1,1047,7,3145
1,1,1,1,1,1048,7,3148
1,1,1,1,1,1049,7,3151
1,1,1,1,1,1050,7,3154
1,1,1,1,1,1051,7,3157
1,1,1,1,1,1052,7,3160
1,1,1,1,1,1053,7,3163
1,1,1,1,1,1054,7,3166
1,1,1,1,1,1055,7,3169
1,1,1,1,1,1056,7,3172
1,1,1,1,1,1057,7,3175
1,1,1,1,1,1058,7,3178
1,1,1,1,1,1059,7,3181
1,1,1,1,1,1060,7,3184
1,1,1,1,1,1061,7,3187
1,1,1,1,1,1062,7,3190
1,1,1,1,1,1063,7,3193
1,1,1,1,1,1064,7,3196
1,1,1,1,1,1065,7,3199
1,1,1,1,1,1066,7,3202
1,1,1,1,1,1067,7,3205
1,1,1,1,1,1068,7,3208
1,1,1,1,1,1069,7,3211
1,1,1,1,1,1070,7,3214
1,1,1,1,1,1071,7,3217
1,1,1,1,1,1072,7,3220
1,1,1,1,1,1073,7,3223
1,1,1,1,1,1074,7,3226
1,1,1,1,1,1075,7,3229
1,1,1,1,1,1076,7,3232
1,1,1,1,1,1077,7,3235
1,1,1,1,1,1078,7,3238
1,1,1,1,1,1079,7,3241
1,1,1,1,1,1080,7,3244
1,1,1,1,1,1081,7,3247
1,1,1,1,1,1082,7,3250
1,1,1,1,1,1083,7,3253
1,1,1,1,1,1084,7,3256
1,1,1,1,1,1085,7,3259
1,1,1,1,1,1086,7,3262
1,1,1,1,1,1087,7,3265
1,1,1,1,1,1088,7,3268
1,1,1,1,1,1089,7,3271
1,1,1,1,1,1090,7,3274
1,1,1,1,1,1091,7,3277
1,1,1,1,1,1092,7,3280
1,1,1,1,1,1093,7,3283
1,1,1,1,1,1094,7,3286
1,1,1,1,1,1095,7,3289
1,1,1,1,1,1096,7,3292
1,1,1,1,1,1097,7,3295
1,1,1,1,1,1098,7,3298
1,1,1,1,1,1099,7,3301
1,1,1,1,1,1100,7,3304
1,1,1,1,1,1101,7,3307
1,1,1,1,1,1102,7,3310
1,1,1,1,1,1103,7,3313
1,1,1,1,1,1104,7,3316
1,1,1,1,1,1105,7,3319
1,1,1,1,1,1106,7,3322
1,1,1,1,1,1107,7,3325
1,1,1,1,1,1108,7,3328
1,1,1,1,1,1109,7,3331
1,1,1,1,1,1110,7,3334
1,1,1,1,1,1111,7,3337
1,1,1,1,1,1112,7,3340
1,1,1,1,1,1113,7,3343
1,1,1,1,1,1114,7,3346
1,1,1,1,1,1115,7,3349
1,1,1,1,1,1116,7,3352
1,1,1,1,1,1117,7,3355
1,1,1,1,1,1118,7,3358
1,1,1,1,1,1119,7,3361
1,1,1,1,1,1120,7,3364
1,1,1,1,1,1121,7,3367
1,1,1,1,1,1122,7,3370
1,1,1,1,1,1123,7,3373
1,1,1,1,1,1124,7,3376
1,1,1,1,1,1125,7,3379
1,1,1,1,1,1126,7,3382
1,1,1,1,1,1127,7,3385
1,1,1,1,1,1128,7,3388
1,1,1,1,1,1129,7,3391
1,1,1,1,1,1130,7,3394
1,1,1,1,1,1131,7,3397
1,1,1,1,1,1132,7,3400
1,1,1,1,1,1133,7,3403
1,1,1,1,1,1134,7,3406
1,1,1,1,1,1135,7,3409
1,1,1,1,1,1136,7,3412
1,1,1,1,1,1137,7,3415
1,1,1,1,1,1138,7,3418
1,1,1,1,1,1139,7,3421
1,1,1,1,1,1140,7,3424
1,1,1,1,1,1141,7,3427
1,1,1,1,1,1142,7,3430
1,1,1,1,1,1143,7,3433
1,1,1,1,1,1144,7,3436
1,1,1,1,1,1145,7,3439
1,1,1,1,1,1146,7,3442
1,1,1,1,1,1147,7,3445
1,1,1,1,1,1148,7,3448
1,1,1,1,1,1149,7,3451
1,1,1,1,1,1150,7,3454
1,1,1,1,1,1151,7,3457
1,1,1,1,1,1152,7,3460
1,1,1,1,1,1153,7,3463
1,1,1,1,1,1154,7,3466
1,1,1,1,1,1155,7,3469
1,1,1,1,1,1156,7,3472
1,1,1,1,1,1157,7,3475
1,1,1,1,1,1158,7,3478
1,1,1,1,1,1159,7,3481
1,1,1,1,1,1160,7,3484
1,1,1,1,1,1161,7,3487
1,1,1,1,1,1162,7,3490
1,1,1,1,1,1163,7,3493
1,1,1,1,1,1164,7,3496
1,1,1,1,1,1165,7,3499
1,1,1,1,1,1166,7,3502
1,1,1,1,1,1167,7,3505
1,1,1,1,1,1168,7,3508
1,1,1,1,1,1169,7,3511
1,1,1,1,1,1170,7,3514
1,1,1,1,1,1171,7,3517
1,1,1,1,1,1172,7,3520
1,1,1,1,1,1173,7,3523
1,1,1,1,1,1174,7,3526
1,1,1,1,1,1175,7,3529
1,1,1,1,1,1176,7,3532
1,1,1,1,1,1177,7,3535
1,1,1,1,1,1178,7,3538
1,1,1,1,1,1179,7,3541
1,1,1,1,1,1180,7,3544
1,1,1,1,1,1181,7,3547
1,1,1,1,1,1182,7,3550
1,1,1,1,1,1183,7,3553
1,1,1,1,1,1184,7,3556
1,1,1,1,1,1185,7,3559
1,1,1,1,1,1186,7,3562
1,1,1,1,1,1187,7,3565
1,1,1,1,1,1188,7,3568
1,1,1,1,1,1189,7,3571
1,1,1,1,1,1190,7,3574
1,1,1,1,1,1191,7,3577
1,1,1,1,1,1192,7,3580
1,1,1,1,1,1193,7,3583
1,1,1,1,1,1194,7,3586
1,1,1,1,1,1195,7,3589
1,1,1,1,1,1196,7,3592
1,1,1,1,1,1197,7,3595
1,1,1,1,1,1198,7,3598
1,1,1,1,1,1199,7,3601
1,1,1,1,1,1200,7,3604
1,1,1,1,1,1201,7,3607
1,1,1,1,1,1202,7,3610
1,1,1,1,1,1203,7,3613
1,1,1,1,1,1204,7,3616
1,1,1,1,1,1205,7,3619
1,1,1,1,1,1206,7,3622
1,1,1,1,1,1207,7,3625
1,1,1,1,1,1208,7,3628
1,1,1,1,1,1209,7,3631
1,1,1,1,1,1210,7,3634
1,1,1,1,1,1211,7,3637
1,1,1,1,1,1212,7,3640
1,1,1,1,1,1213,7,3643
1,1,1,1,1,1214,7,3646
1,1,1,1,1,1215,7,3649
1,1,1,1,1,1216,7,3652
1,1,1,1,1,1217,7,3655
1,1,1,1,1,1218,7,3658
1,1,1,1,1,1219,7,3661
1,1,1,1,1,1220,7,3664
1,1,1,1,1,1221,7,3667
1,1,1,1,1,1222,7,3670
1,1,1,1,1,1223,7,3673
1,1,1,1,1,1224,7,3676
1,1,1,1,1,1225,7,3679
1,1,1,1,1,1226,7,3682
1,1,1,1,1,1227,7,3685
1,1,1,1,1,1228,7,3688
1,1,1,1,1,1229,7,3691
1,1,1,1,1,1230,7,3694
1,1,1,1,1,1231,7,3697
1,1,1,1,1,1232,7,3700
1,1,1,1,1,1233,7,3703
1,1,1,1,1,1234,7,3706
1,1,1,1,1,1235,7,3709
1,1,1,1,1,1236,7,3712
1,1,1,1,1,1237,7,3715
1,1,1,1,1,1238,7,3718
1,1,1,1,1,1239,7,3721
1,1,1,1,1,1240,7,3724
1,1,1,1,1,1241,7,3727
1,1,1,1,1,1242,7,3730
1,1,1,1,1,1243,7,3733
1,1,1,1,1,1244,7,3736
1,1,1,1,1,1245,7,3739
1,1,1,1,1,1246,7,3742
1,1,1,1,1,1247,7,3745
1,1,1,1,1,1248,7,3748
1,1,1,1,1,1249,7,3751
1,1,1,1,1,1250,7,3754
1,1,1,1,1,1251,7,3757
1,1,1,1,1,1252,7,3760
1,1,1,1,1,1253,7,3763
1,1,1,1,1,1254,7,3766
1,1,1,1,1,1255,7,3769
1,1,1,1,1,1256,7,3772
1,1,1,1,1,1257,7,3775
1,1,1,1,1,1258,7,3778
1,1,1,1,1,1259,7,3781
1,1,1,1,1,1260,7,3784
1,1,1,1,1,1261,7,3787
1,1,1,1,1,1262,7,3790
1,1,1,1,1,1263,7,3793
1,1,1,1,1,1264,7,3796
1,1,1,1,1,1265,7,3799
1,1,1,1,1,1266,7,3802
1,1,1,1,1,1267,7,3805
1,1,1,1,1,1268,7,3808
1,1,1,1,1,1269,7,3811
1,1,1,1,1,1270,7,3814
1,1,1,1,1,1271,7,3817
1,1,1,1,1,1272,7,3820
1,1,1,1,1,1273,7,3823
1,1,1,1,1,1274,7,3826
1,1,1,1,1,1275,7,3829
1,1,1,1,1,1276,7,3832
1,1,1,1,1,1277,7,3835
1,1,1,1,1,1278,7,3838
1,1,1,1,1,1279,7,3841
1,1,1,1,1,1280,7,3844
1,1,1,1,1,1281,7,3847
1,1,1,1,1,1282,7,3850
1,1,1,1,1,1283,7,3853
1,1,1,1,1,1284,7,3856
1,1,1,1,1,1285,7,3859
1,1,1,1,1,1286,7,3862
1,1,1,1,1,1287,7,3865
1,1,1,1,1,1288,7,3868
1,1,1,1,1,1289,7,3871
1,1,1,1,1,1290,7,3874
1,1,1,1,1,1291,7,3877
1,1,1,1,1,1292,7,3880
1,1,1,1,1,1293,7,3883
1,1,1,1,1,1294,7,3886
1,1,1,1,1,1295,7,3889
1,1,1,1,1,1296,7,3892
1,1,1,1,1,1297,7,3895
1,1,1,1,1,1298,7,3898
1,1,1,1,1,1299,7,3901
1,1,1,1,1,1300,7,3904
1,1,1,1,1,1301,7,3907
1,1,1,1,1,1302,7,3910
1,1,1,1,1,1303,7,3913
1,1,1,1,1,1304,7,3916
1,1,1,1,1,1305,7,3919
1,1,1,1,1,1306,7,3922
1,1,1,1,1,1307,7,3925
1,1,1,1,1,1308,7,3928
1,1,1,1,1,1309,7,3931
1,1,1,1,1,1310,7,3934
1,1,1,1,1,1311,7,3937
1,1,1,1,1,1312,7,3940
1,1,1,1,1,1313,7,3943
1,1,1,1,1,1314,7,3946
1,1,1,1,1,1315,7,3949
1,1,1,1,1,1316,7,3952
1,1,1,1,1,1317,7,3955
1,1,1,1,1,1318,7,3958
1,1,1,1,1,1319,7,3961
1,1,1,1,1,1320,7,3964
1,1,1,1,1,1321,7,3967
1,1,1,1,1,1322,7,3970
1,1,1,1,1,1323,7,3973
1,1,1,1,1,1324,7,3976
1,1,1,1,1,1325,7,3979
1,1,1,1,1,1326,7,3982
1,1,1,1,1,1327,7,3985
1,1,1,1,1,1328,7,3988
1,1,1,1,1,1329,7,3991
1,1,1,1,1,1330,7,3994
1,1,1,1,1,1331,7,3997
1,1,1,1,1,1332,7,4000
1,1,1,1,1,1333,7,4003
1,1,1,1,1,1334,7,4006
1,1,1,1,1,1335,7,4009
1,1,1,1,1,1336,7,4012
1,1,1,1,1,1337,7,4015
1,1,1,1,1,1338,7,4018
1,1,1,1,1,1339,7,4021
1,1,1,1,1,1340,7,4024
1,1,1,1,1,1341,7,4027
1,1,1,1,1,1342,7,4030
1,1,1,1,1,1343,7,4033
1,1,1,1,1,1344,7,4036
1,1,1,1,1,1345,7,4039
1,1,1,1,1,1346,7,4042
1,1,1,1,1,1347,7,4045
1,1,1,1,1,1348,7,4048
1,1,1,1,1,1349,7,4051
1,1,1,1,1,1350,7,4054
1,1,1,1,1,1351,7,4057
1,1,1,1,1,1352,7,4060
1,1,1,1,1,1353,7,4063
1,1,1,1,1,1354,7,4066
1,1,1,1,1,1355,7,4069
1,1,1,1,1,1356,7,4072
1,1,1,1,1,1357,7,4075
1,1,1,1,1,1358,7,4078
1,1,1,1,1,1359,7,4081
1,1,1,1,1,1360,7,4084
1,1,1,1,1,1361,7,4087
1,1,1,1,1,1362,7,4090
1,1,1,1,1,1363,7,4093
1,1,1,1,1,1364,7,4096
1,1,1,1,1,1365,7,4099
1,1,1,1,1,1366,7,4102
1,1,1,1,1,1367,7,4105
1,1,1,1,1,1368,7,4108
1,1,1,1,1,1369,7,4111
1,1,1,1,1,1370,7,4114
1,1,1,1,1,1371,7,4117
1,1,1,1,1,1372,7,4120
1,1,1,1,1,1373,7,4123
1,1,1,1,1,1374,7,4126
1,1,1,1,1,1375,7,4129
1,1,1,1,1,1376,7,4132
1,1,1,1,1,1377,7,4135
1,1,1,1,1,1378,7,4138
1,1,1,1,1,1379,7,4141
1,1,1,1,1,1380,7,4144
1,1,1,1,1,1381,7,4147
1,1,1,1,1,1382,7,4150
1,1,1,1,1,1383,7,4153
1,1,1,1,1,1384,7,4156
1,1,1,1,1,1385,7,4159
1,1,1,1,1,1386,7,4162
1,1,1,1,1,1387,7,4165
1,1,1,1,1,1388,7,4168
1,1,1,1,1,1389,7,4171
1,1,1,1,1,1390,7,4174
1,1,1,1,1,1391,7,4177
1,1,1,1,1,1392,7,4180
1,1,1,1,1,1393,7,4183
1,1,1,1,1,1394,7,4186
1,1,1,1,1,1395,7,4189
1,1,1,1,1,1396,7,4192
1,1,1,1,1,1397,7,4195
1,1,1,1,1,1398,7,4198
1,1,1,1,1,1399,7,4201
1,1,1,1,1,1400,7,4204
1,1,1,1,1,1401,7,4207
1,1,1,1,1,1402,7,4210
1,1,1,1,1,1403,7,4213
1,1,1,1,1,1404,7,4216
1,1,1,1,1,1405,7,4219
1,1,1,1,1,1406,7,4222
1,1,1,1,1,1407,7,4225
1,1,1,1,1,1408,7,4228
1,1,1,1,1,1409,7,4231
1,1,1,1,1,1410,7,4234
1,1,1,1,1,1411,7,4237
1,1,1,1,1,1412,7,4240
1,1,1,1,1,1413,7,4243
1,1,1,1,1,1414,7,4246
1,1,1,1,1,1415,7,4249
1,1,1,1,1,1416,7,4252
1,1,1,1,1,1417,7,4255
1,1,1,1,1,1418,7,4258
1,1,1,1,1,1419,7,4261
1,1,1,1,1,1420,7,4264
1,1,1,1,1,1421,7,4267
1,1,1,1,1,1422,7,4270
1,1,1,1,1,1423,7,4273
1,1,1,1,1,1424,7,4276
1,1,1,1,1,1425,7,4279
1,1,1,1,1,1426,7,4282
1,1,1,1,1,1427,7,4285
1,1,1,1,1,1428,7,4288
1,1,1,1,1,1429,7,4291
1,1,1,1,1,1430,7,4294
1,1,1,1,1,1431,7,4297
1,1,1,1,1,1432,7,4300
1,1,1,1,1,1433,7,4303
1,1,1,1,1,1434,7,4306
1,1,1,1,1,1435,7,4309
1,1,1,1,1,1436,7,4312
1,1,1,1,1,1437,7,4315
1,1,1,1,1,1438,7,4318
1,1,1,1,1,1439,7,4321
1,1,1,1,1,1440,7,4324
1,1,1,1,1,1441,7,4327
1,1,1,1,1,1442,7,4330
1,1,1,1,1,1443,7,4333
1,1,1,1,1,1444,7,4336
1,1,1,1,1,1445,7,4339
1,1,1,1,1,1446,7,4342
1,1,1,1,1,1447,7,4345
1,1,1,1,1,1448,7,4348
1,1,1,1,1,1449,7,4351
1,1,1,1,1,1450,7,4354
1,1,1,1,1,1451,7,4357
1,1,1,1,1,1452,7,4360
1,1,1,1,1,1453,7,4363
1,1,1,1,1,1454,7,4366
1,1,1,1,1,1455,7,4369
1,1,1,1,1,1456,7,4372
1,1,1,1,1,1457,7,4375
1,1,1,1,1,1458,7,4378
1,1,1,1,1,1459,7,4381
1,1,1,1,1,1460,7,4384
1,1,1,1,1,1461,7,4387
1,1,1,1,1,1462,7,4390
1,1,1,1,1,1463,7,4393
1,1,1,1,1,1464,7,4396
1,1,1,1,1,1465,7,4399
1,1,1,1,1,1466,7,4402
1,1,1,1,1,1467,7,4405
1,1,1,1,1,1468,7,4408
1,1,1,1,1,1469,7,4411
1,1,1,1,1,1470,7,4414
1,1,1,1,1,1471,7,4417
1,1,1,1,1,1472,7,4420
1,1,1,1,1,1473,7,4423
1,1,1,1,1,1474,7,4426
1,1,1,1,1,1475,7,4429
1,1,1,1,1,1476,7,4432
1,1,1,1,1,1477,7,4435
1,1,1,1,1,1478,7,4438
1,1,1,1,1,1479,7,4441
1,1,1,1,1,1480,7,4444
1,1,1,1,1,1481,7,4447
1,1,1,1,1,1482,7,4450
1,1,1,1,1,1483,7,4453
1,1,1,1,1,1484,7,4456
1,1,1,1,1,1485,7,4459
1,1,1,1,1,1486,7,4462
1,1,1,1,1,1487,7,4465
1,1,1,1,1,1488,7,4468
1,1,1,1,1,1489,7,4471
1,1,1,1,1,1490,7,4474
1,1,1,1,1,1491,7,4477
1,1,1,1,1,1492,7,4480
1,1,1,1,1,1493,7,4483
1,1,1,1,1,1494,7,4486
1,1,1,1,1,1495,7,4489
1,1,1,1,1,1496,7,4492
1,1,1,1,1,1497,7,4495
1,1,1,1,1,1498,7,4498
1,1,1,1,1,1499,7,4501
1,1,1,1,1,1500,7,4504
1,1,1,1,1,1501,7,4507
1,1,1,1,1,1502,7,4510
1,1,1,1,1,1503,7,4513
1,1,1,1,1,1504,7,4516
1,1,1,1,1,1505,7,4519
1,1,1,1,1,1506,7,4522
1,1,1,1,1,1507,7,4525
1,1,1,1,1,1508,7,4528
1,1,1,1,1,1509,7,4531
1,1,1,1,1,1510,7,4534
1,1,1,1,1,1511,7,4537
1,1,1,1,1,1512,7,4540
1,1,1,1,1,1513,7,4543
1,1,1,1,1,1514,7,4546
1,1,1,1,1,1515,7,4549
1,1,1,1,1,1516,7,4552
1,1,1,1,1,1517,7,4555
1,1,1,1,1,1518,7,4558
1,1,1,1,1,1519,7,4561
1,1,1,1,1,1520,7,4564
1,1,1,1,1,1521,7,4567
1,1,1,1,1,1522,7,4570
1,1,1,1,1,1523,7,4573
1,1,1,1,1,1524,7,4576
1,1,1,1,1,1525,7,4579
1,1,1,1,1,1526,7,4582
1,1,1,1,1,1527,7,4585
1,1,1,1,1,1528,7,4588
1,1,1,1,1,1529,7,4591
1,1,1,1,1,1530,7,4594
1,1,1,1,1,1531,7,4597
1,1,1,1,1,1532,7,4600
1,1,1,1,1,1533,7,4603
1,1,1,1,1,1534,7,4606
1,1,1,1,1,1535,7,4609
1,1,1,1,1,1536,7,4612
1,1,1,1,1,1537,7,4615
1,1,1,1,1,1538,7,4618
1,1,1,1,1,1539,7,4621
1,1,1,1,1,1540,7,4624
1,1,1,1,1,1541,7,4627
1,1,1,1,1,1542,7,4630
1,1,1,1,1,1543,7,4633
1,1,1,1,1,1544,7,4636
1,1,1,1,1,1545,7,4639
1,1,1,1,1,1546,7,4642
1,1,1,1,1,1547,7,4645
1,1,1,1,1,1548,7,4648
1,1,1,1,1,1549,7,4651
1,1,1,1,1,1550,7,4654
1,1,1,1,1,1551,7,4657
1,1,1,1,1,1552,7,4660
1,1,1,1,1,1553,7,4663
1,1,1,1,1,1554,7,4666
1,1,1,1,1,1555,7,4669
1,1,1,1,1,1556,7,4672
1,1,1,1,1,1557,7,4675
1,1,1,1,1,1558,7,4678
1,1,1,1,1,1559,7,4681
1,1,1,1,1,1560,7,4684
1,1,1,1,1,1561,7,4687
1,1,1,1,1,1562,7,4690
1,1,1,1,1,1563,7,4693
1,1,1,1,1,1564,7,4696
1,1,1,1,1,1565,7,4699
1,1,1,1,1,1566,7,4702
1,1,1,1,1,1567,7,4705
1,1,1,1,1,1568,7,4708
1,1,1,1,1,1569,7,4711
1,1,1,1,1,1570,7,4714
1,1,1,1,1,1571,7,4717
1,1,1,1,1,1572,7,4720
1,1,1,1,1,1573,7,4723
1,1,1,1,1,1574,7,4726
1,1,1,1,1,1575,7,4729
1,1,1,1,1,1576,7,4732
1,1,1,1,1,1577,7,4735
1,1,1,1,1,1578,7,4738
1,1,1,1,1,1579,7,4741
1,1,1,1,1,1580,7,4744
1,1,1,1,1,1581,7,4747
1,1,1,1,1,1582,7,4750
1,1,1,1,1,1583,7,4753
1,1,1,1,1,1584,7,4756
1,1,1,1,1,1585,7,4759
1,1,1,1,1,1586,7,4762
1,1,1,1,1,1587,7,4765
1,1,1,1,1,1588,7,4768
1,1,1,1,1,1589,7,4771
1,1,1,1,1,1590,7,4774
1,1,1,1,1,1591,7,4777
1,1,1,1,1,1592,7,4780
1,1,1,1,1,1593,7,4783
1,1,1,1,1,1594,7,4786
1,1,1,1,1,1595,7,4789
1,1,1,1,1,1596,7,4792
1,1,1,1,1,1597,7,4795
1,1,1,1,1,1598,7,4798
1,1,1,1,1,1599,7,4801
1,1,1,1,1,1600,7,4804
1,1,1,1,1,1601,7,4807
1,1,1,1,1,1602,7,4810
1,1,1,1,1,1603,7,4813
1,1,1,1,1,1604,7,4816
1,1,1,1,1,1605,7,4819
1,1,1,1,1,1606,7,4822
1,1,1,1,1,1607,7,4825
1,1,1,1,1,1608,7,4828
1,1,1,1,1,1609,7,4831
1,1,1,1,1,1610,7,4834
1,1,1,1,1,1611,7,4837
1,1,1,1,1,1612,7,4840
1,1,1,1,1,1613,7,4843
1,1,1,1,1,1614,7,4846
1,1,1,1,1,1615,7,4849
1,1,1,1,1,1616,7,4852
1,1,1,1,1,1617,7,4855
1,1,1,1,1,1618,7,4858
1,1,1,1,1,1619,7,4861
1,1,1,1,1,1620,7,4864
1,1,1,1,1,1621,7,4867
1,1,1,1,1,1622,7,4870
1,1,1,1,1,1623,7,4873
1,1,1,1,1,1624,7,4876
1,1,1,1,1,1625,7,4879
1,1,1,1,1,1626,7,4882
1,1,1,1,1,1627,7,4885
1,1,1,1,1,1628,7,4888
1,1,1,1,1,1629,7,4891
1,1,1,1,1,1630,7,4894
1,1,1,1,1,1631,7,4897
1,1,1,1,1,1632,7,4900
1,1,1,1,1,1633,7,4903
1,1,1,1,1,1634,7,4906
1,1,1,1,1,1635,7,4909
1,1,1,1,1,1636,7,4912
1,1,1,1,1,1637,7,4915
1,1,1,1,1,1638,7,4918
1,1,1,1,1,1639,7,4921
1,1,1,1,1,1640,7,4924
1,1,1,1,1,1641,7,4927
1,1,1,1,1,1642,7,4930
1,1,1,1,1,1643,7,4933
1,1,1,1,1,1644,7,4936
1,1,1,1,1,1645,7,4939
1,1,1,1,1,1646,7,4942
1,1,1,1,1,1647,7,4945
1,1,1,1,1,1648,7,4948
1,1,1,1,1,1649,7,4951
1,1,1,1,1,1650,7,4954
1,1,1,1,1,1651,7,4957
1,1,1,1,1,1652,7,4960
1,1,1,1,1,1653,7,4963
1,1,1,1,1,1654,7,4966
1,1,1,1,1,1655,7,4969
1,1,1,1,1,1656,7,4972
1,1,1,1,1,1657,7,4975
