1574,1,1,1,1,1,1576,7,4732
1189,1,1,1,1,1,1191,7,3577
877,1,1,1,1,1,879,7,2641
871,1,1,1,1,1,873,7,2623
1470,1,1,1,1,1,1472,7,4420
1479,1,1,1,1,1,1481,7,4447
665,1,1,1,1,1,667,7,2005
1195,1,1,1,1,1,1197,7,3595
1563,1,1,1,1,1,1565,7,4699
706,1,1,1,1,1,708,7,2128
1251,1,1,1,1,1,1253,7,3763
1146,1,1,1,1,1,1148,7,3448
867,1,1,1,1,1,869,7,2611
19,1,1,1,1,1,21,7,67
1361,1,1,1,1,1,1363,7,4093
1340,1,1,1,1,1,1342,7,4030
1583,1,1,1,1,1,1585,7,4759
1024,1,1,1,1,1,1026,7,3082
615,1,1,1,1,1,617,7,1855
346,1,1,1,1,1,348,7,1048
843,1,1,1,1,1,845,7,2539
1140,1,1,1,1,1,1142,7,3430
1585,1,1,1,1,1,1587,7,4765
302,1,1,1,1,1,304,7,916
773,1,1,1,1,1,775,7,2329
1546,1,1,1,1,1,1548,7,4648
1444,1,1,1,1,1,1446,7,4342
764,1,1,1,1,1,766,7,2302
149,1,1,1,1,1,151,7,457
661,1,1,1,1,1,663,7,1993
273,1,1,1,1,1,275,7,829
1168,1,1,1,1,1,1170,7,3514
705,1,1,1,1,1,707,7,2125
999,1,1,1,1,1,1001,7,3007
718,1,1,1,1,1,720,7,2164
1109,1,1,1,1,1,1111,7,3337
1184,1,1,1,1,1,1186,7,3562
766,1,1,1,1,1,768,7,2308
226,1,1,1,1,1,228,7,688
121,1,1,1,1,1,123,7,373
1651,1,1,1,1,1,1653,7,4963
695,1,1,1,1,1,697,7,2095
461,1,1,1,1,1,463,7,1393
1481,1,1,1,1,1,1483,7,4453
344,1,1,1,1,1,346,7,1042
1581,1,1,1,1,1,1583,7,4753
1483,1,1,1,1,1,1485,7,4459
1285,1,1,1,1,1,1287,7,3865
556,1,1,1,1,1,558,7,1678
275,1,1,1,1,1,277,7,835
564,1,1,1,1,1,566,7,1702
1329,1,1,1,1,1,1331,7,3997
808,1,1,1,1,1,810,7,2434
200,1,1,1,1,1,202,7,610
125,1,1,1,1,1,127,7,385
1370,1,1,1,1,1,1372,7,4120
833,1,1,1,1,1,835,7,2509
489,1,1,1,1,1,491,7,1477
93,1,1,1,1,1,95,7,289
712,1,1,1,1,1,714,7,2146
1564,1,1,1,1,1,1566,7,4702
1219,1,1,1,1,1,1221,7,3667
395,1,1,1,1,1,397,7,1195
349,1,1,1,1,1,351,7,1057
1491,1,1,1,1,1,1493,7,4483
692,1,1,1,1,1,694,7,2086
1063,1,1,1,1,1,1065,7,3199
211,1,1,1,1,1,213,7,643
76,1,1,1,1,1,78,7,238
881,1,1,1,1,1,883,7,2653
450,1,1,1,1,1,452,7,1360
1079,1,1,1,1,1,1081,7,3247
1410,1,1,1,1,1,1412,7,4240
894,1,1,1,1,1,896,7,2692
755,1,1,1,1,1,757,7,2275
82,1,1,1,1,1,84,7,256
554,1,1,1,1,1,556,7,1672
88,1,1,1,1,1,90,7,274
25,1,1,1,1,1,27,7,85
1567,1,1,1,1,1,1569,7,4711
544,1,1,1,1,1,546,7,1642
212,1,1,1,1,1,214,7,646
1571,1,1,1,1,1,1573,7,4723
1349,1,1,1,1,1,1351,7,4057
480,1,1,1,1,1,482,7,1450
1618,1,1,1,1,1,1620,7,4864
1610,1,1,1,1,1,1612,7,4840
391,1,1,1,1,1,393,7,1183
547,1,1,1,1,1,549,7,1651
931,1,1,1,1,1,933,7,2803
388,1,1,1,1,1,390,7,1174
707,1,1,1,1,1,709,7,2131
660,1,1,1,1,1,662,7,1990
847,1,1,1,1,1,849,7,2551
779,1,1,1,1,1,781,7,2347
1507,1,1,1,1,1,1509,7,4531
1537,1,1,1,1,1,1539,7,4621
1435,1,1,1,1,1,1437,7,4315
965,1,1,1,1,1,967,7,2905
587,1,1,1,1,1,589,7,1771
1031,1,1,1,1,1,1033,7,3103
1213,1,1,1,1,1,1215,7,3649
1304,1,1,1,1,1,1306,7,3922
1261,1,1,1,1,1,1263,7,3793
271,1,1,1,1,1,273,7,823
1170,1,1,1,1,1,1172,7,3520
655,1,1,1,1,1,657,7,1975
1414,1,1,1,1,1,1416,7,4252
481,1,1,1,1,1,483,7,1453
980,1,1,1,1,1,982,7,2950
1566,1,1,1,1,1,1568,7,4708
71,1,1,1,1,1,73,7,223
951,1,1,1,1,1,953,7,2863
701,1,1,1,1,1,703,7,2113
1218,1,1,1,1,1,1220,7,3664
702,1,1,1,1,1,704,7,2116
497,1,1,1,1,1,499,7,1501
1471,1,1,1,1,1,1473,7,4423
1454,1,1,1,1,1,1456,7,4372
1203,1,1,1,1,1,1205,7,3619
1627,1,1,1,1,1,1629,7,4891
380,1,1,1,1,1,382,7,1150
202,1,1,1,1,1,204,7,616
1400,1,1,1,1,1,1402,7,4210
736,1,1,1,1,1,738,7,2218
1089,1,1,1,1,1,1091,7,3277
1578,1,1,1,1,1,1580,7,4744
206,1,1,1,1,1,208,7,628
136,1,1,1,1,1,138,7,418
625,1,1,1,1,1,627,7,1885
474,1,1,1,1,1,476,7,1432
728,1,1,1,1,1,730,7,2194
194,1,1,1,1,1,196,7,592
1237,1,1,1,1,1,1239,7,3721
1095,1,1,1,1,1,1097,7,3295
510,1,1,1,1,1,512,7,1540
218,1,1,1,1,1,220,7,664
1018,1,1,1,1,1,1020,7,3064
558,1,1,1,1,1,560,7,1684
901,1,1,1,1,1,903,7,2713
286,1,1,1,1,1,288,7,868
1150,1,1,1,1,1,1152,7,3460
1156,1,1,1,1,1,1158,7,3478
203,1,1,1,1,1,205,7,619
1434,1,1,1,1,1,1436,7,4312
788,1,1,1,1,1,790,7,2374
1399,1,1,1,1,1,1401,7,4207
743,1,1,1,1,1,745,7,2239
573,1,1,1,1,1,575,7,1729
358,1,1,1,1,1,360,7,1084
1057,1,1,1,1,1,1059,7,3181
1038,1,1,1,1,1,1040,7,3124
891,1,1,1,1,1,893,7,2683
1424,1,1,1,1,1,1426,7,4282
1253,1,1,1,1,1,1255,7,3769
1112,1,1,1,1,1,1114,7,3346
1595,1,1,1,1,1,1597,7,4795
312,1,1,1,1,1,314,7,946
1573,1,1,1,1,1,1575,7,4729
961,1,1,1,1,1,963,7,2893
39,1,1,1,1,1,41,7,127
132,1,1,1,1,1,134,7,406
230,1,1,1,1,1,232,7,700
157,1,1,1,1,1,159,7,481
1646,1,1,1,1,1,1648,7,4948
834,1,1,1,1,1,836,7,2512
767,1,1,1,1,1,769,7,2311
1619,1,1,1,1,1,1621,7,4867
1185,1,1,1,1,1,1187,7,3565
541,1,1,1,1,1,543,7,1633
752,1,1,1,1,1,754,7,2266
217,1,1,1,1,1,219,7,661
277,1,1,1,1,1,279,7,841
586,1,1,1,1,1,588,7,1768
161,1,1,1,1,1,163,7,493
232,1,1,1,1,1,234,7,706
1084,1,1,1,1,1,1086,7,3262
1204,1,1,1,1,1,1206,7,3622
1613,1,1,1,1,1,1615,7,4849
1505,1,1,1,1,1,1507,7,4525
1307,1,1,1,1,1,1309,7,3931
1579,1,1,1,1,1,1581,7,4747
1224,1,1,1,1,1,1226,7,3682
663,1,1,1,1,1,665,7,1999
427,1,1,1,1,1,429,7,1291
623,1,1,1,1,1,625,7,1879
1049,1,1,1,1,1,1051,7,3157
483,1,1,1,1,1,485,7,1459
103,1,1,1,1,1,105,7,319
1553,1,1,1,1,1,1555,7,4669
282,1,1,1,1,1,284,7,856
322,1,1,1,1,1,324,7,976
150,1,1,1,1,1,152,7,460
1518,1,1,1,1,1,1520,7,4564
927,1,1,1,1,1,929,7,2791
812,1,1,1,1,1,814,7,2446
86,1,1,1,1,1,88,7,268
762,1,1,1,1,1,764,7,2296
69,1,1,1,1,1,71,7,217
578,1,1,1,1,1,580,7,1744
772,1,1,1,1,1,774,7,2326
353,1,1,1,1,1,355,7,1069
1520,1,1,1,1,1,1522,7,4570
1186,1,1,1,1,1,1188,7,3568
281,1,1,1,1,1,283,7,853
983,1,1,1,1,1,985,7,2959
1501,1,1,1,1,1,1503,7,4513
821,1,1,1,1,1,823,7,2473
1298,1,1,1,1,1,1300,7,3904
1210,1,1,1,1,1,1212,7,3640
66,1,1,1,1,1,68,7,208
29,1,1,1,1,1,31,7,97
1292,1,1,1,1,1,1294,7,3886
1050,1,1,1,1,1,1052,7,3160
574,1,1,1,1,1,576,7,1732
1301,1,1,1,1,1,1303,7,3913
390,1,1,1,1,1,392,7,1180
1010,1,1,1,1,1,1012,7,3040
160,1,1,1,1,1,162,7,490
1615,1,1,1,1,1,1617,7,4855
330,1,1,1,1,1,332,7,1000
459,1,1,1,1,1,461,7,1387
463,1,1,1,1,1,465,7,1399
85,1,1,1,1,1,87,7,265
166,1,1,1,1,1,168,7,508
501,1,1,1,1,1,503,7,1513
1326,1,1,1,1,1,1328,7,3988
1457,1,1,1,1,1,1459,7,4381
1367,1,1,1,1,1,1369,7,4111
1191,1,1,1,1,1,1193,7,3583
327,1,1,1,1,1,329,7,991
1026,1,1,1,1,1,1028,7,3088
287,1,1,1,1,1,289,7,871
53,1,1,1,1,1,55,7,169
494,1,1,1,1,1,496,7,1492
446,1,1,1,1,1,448,7,1348
1106,1,1,1,1,1,1108,7,3328
656,1,1,1,1,1,658,7,1978
1131,1,1,1,1,1,1133,7,3403
516,1,1,1,1,1,518,7,1558
354,1,1,1,1,1,356,7,1072
1586,1,1,1,1,1,1588,7,4768
1432,1,1,1,1,1,1434,7,4306
761,1,1,1,1,1,763,7,2293
1258,1,1,1,1,1,1260,7,3784
1550,1,1,1,1,1,1552,7,4660
300,1,1,1,1,1,302,7,910
1128,1,1,1,1,1,1130,7,3394
829,1,1,1,1,1,831,7,2497
624,1,1,1,1,1,626,7,1882
1009,1,1,1,1,1,1011,7,3037
266,1,1,1,1,1,268,7,808
165,1,1,1,1,1,167,7,505
1278,1,1,1,1,1,1280,7,3844
1626,1,1,1,1,1,1628,7,4888
1575,1,1,1,1,1,1577,7,4735
671,1,1,1,1,1,673,7,2023
170,1,1,1,1,1,172,7,520
236,1,1,1,1,1,238,7,718
385,1,1,1,1,1,387,7,1165
1443,1,1,1,1,1,1445,7,4339
824,1,1,1,1,1,826,7,2482
1345,1,1,1,1,1,1347,7,4045
1011,1,1,1,1,1,1013,7,3043
1099,1,1,1,1,1,1101,7,3307
1266,1,1,1,1,1,1268,7,3808
1108,1,1,1,1,1,1110,7,3334
16,1,1,1,1,1,18,7,58
607,1,1,1,1,1,609,7,1831
183,1,1,1,1,1,185,7,559
299,1,1,1,1,1,301,7,907
1291,1,1,1,1,1,1293,7,3883
351,1,1,1,1,1,353,7,1063
1000,1,1,1,1,1,1002,7,3010
1265,1,1,1,1,1,1267,7,3805
1234,1,1,1,1,1,1236,7,3712
551,1,1,1,1,1,553,7,1663
627,1,1,1,1,1,629,7,1891
113,1,1,1,1,1,115,7,349
1395,1,1,1,1,1,1397,7,4195
905,1,1,1,1,1,907,7,2725
995,1,1,1,1,1,997,7,2995
763,1,1,1,1,1,765,7,2299
108,1,1,1,1,1,110,7,334
431,1,1,1,1,1,433,7,1303
1041,1,1,1,1,1,1043,7,3133
365,1,1,1,1,1,367,7,1105
173,1,1,1,1,1,175,7,529
934,1,1,1,1,1,936,7,2812
1059,1,1,1,1,1,1061,7,3187
668,1,1,1,1,1,670,7,2014
1017,1,1,1,1,1,1019,7,3061
944,1,1,1,1,1,946,7,2842
49,1,1,1,1,1,51,7,157
1236,1,1,1,1,1,1238,7,3718
637,1,1,1,1,1,639,7,1921
389,1,1,1,1,1,391,7,1177
1147,1,1,1,1,1,1149,7,3451
1381,1,1,1,1,1,1383,7,4153
1446,1,1,1,1,1,1448,7,4348
771,1,1,1,1,1,773,7,2323
1482,1,1,1,1,1,1484,7,4456
727,1,1,1,1,1,729,7,2191
1415,1,1,1,1,1,1417,7,4255
588,1,1,1,1,1,590,7,1774
1,1,1,1,1,1,3,7,13
1643,1,1,1,1,1,1645,7,4939
1418,1,1,1,1,1,1420,7,4264
1235,1,1,1,1,1,1237,7,3715
841,1,1,1,1,1,843,7,2533
842,1,1,1,1,1,844,7,2536
528,1,1,1,1,1,530,7,1594
316,1,1,1,1,1,318,7,958
1493,1,1,1,1,1,1495,7,4489
364,1,1,1,1,1,366,7,1102
1394,1,1,1,1,1,1396,7,4192
1463,1,1,1,1,1,1465,7,4399
1589,1,1,1,1,1,1591,7,4777
1531,1,1,1,1,1,1533,7,4603
955,1,1,1,1,1,957,7,2875
1371,1,1,1,1,1,1373,7,4123
1094,1,1,1,1,1,1096,7,3292
1438,1,1,1,1,1,1440,7,4324
89,1,1,1,1,1,91,7,277
383,1,1,1,1,1,385,7,1159
1032,1,1,1,1,1,1034,7,3106
1247,1,1,1,1,1,1249,7,3751
1248,1,1,1,1,1,1250,7,3754
1378,1,1,1,1,1,1380,7,4144
377,1,1,1,1,1,379,7,1141
1375,1,1,1,1,1,1377,7,4135
878,1,1,1,1,1,880,7,2644
749,1,1,1,1,1,751,7,2257
1428,1,1,1,1,1,1430,7,4294
352,1,1,1,1,1,354,7,1066
464,1,1,1,1,1,466,7,1402
1193,1,1,1,1,1,1195,7,3589
711,1,1,1,1,1,713,7,2143
537,1,1,1,1,1,539,7,1621
335,1,1,1,1,1,337,7,1015
1267,1,1,1,1,1,1269,7,3811
770,1,1,1,1,1,772,7,2320
724,1,1,1,1,1,726,7,2182
820,1,1,1,1,1,822,7,2470
1160,1,1,1,1,1,1162,7,3490
654,1,1,1,1,1,656,7,1972
1088,1,1,1,1,1,1090,7,3274
495,1,1,1,1,1,497,7,1495
445,1,1,1,1,1,447,7,1345
1008,1,1,1,1,1,1010,7,3034
116,1,1,1,1,1,118,7,358
114,1,1,1,1,1,116,7,352
1473,1,1,1,1,1,1475,7,4429
190,1,1,1,1,1,192,7,580
1277,1,1,1,1,1,1279,7,3841
117,1,1,1,1,1,119,7,361
152,1,1,1,1,1,154,7,466
1121,1,1,1,1,1,1123,7,3373
244,1,1,1,1,1,246,7,742
1648,1,1,1,1,1,1650,7,4954
747,1,1,1,1,1,749,7,2251
1540,1,1,1,1,1,1542,7,4630
41,1,1,1,1,1,43,7,133
935,1,1,1,1,1,937,7,2815
548,1,1,1,1,1,550,7,1654
1144,1,1,1,1,1,1146,7,3442
742,1,1,1,1,1,744,7,2236
241,1,1,1,1,1,243,7,733
254,1,1,1,1,1,256,7,772
522,1,1,1,1,1,524,7,1576
513,1,1,1,1,1,515,7,1549
782,1,1,1,1,1,784,7,2356
1368,1,1,1,1,1,1370,7,4114
198,1,1,1,1,1,200,7,604
693,1,1,1,1,1,695,7,2089
988,1,1,1,1,1,990,7,2974
1228,1,1,1,1,1,1230,7,3694
1565,1,1,1,1,1,1567,7,4705
1344,1,1,1,1,1,1346,7,4042
1456,1,1,1,1,1,1458,7,4378
1617,1,1,1,1,1,1619,7,4861
534,1,1,1,1,1,536,7,1612
1205,1,1,1,1,1,1207,7,3625
1232,1,1,1,1,1,1234,7,3706
785,1,1,1,1,1,787,7,2365
1182,1,1,1,1,1,1184,7,3556
172,1,1,1,1,1,174,7,526
992,1,1,1,1,1,994,7,2986
1161,1,1,1,1,1,1163,7,3493
897,1,1,1,1,1,899,7,2701
1460,1,1,1,1,1,1462,7,4390
1087,1,1,1,1,1,1089,7,3271
283,1,1,1,1,1,285,7,859
146,1,1,1,1,1,148,7,448
1141,1,1,1,1,1,1143,7,3433
1355,1,1,1,1,1,1357,7,4075
253,1,1,1,1,1,255,7,769
425,1,1,1,1,1,427,7,1285
688,1,1,1,1,1,690,7,2074
632,1,1,1,1,1,634,7,1906
940,1,1,1,1,1,942,7,2830
490,1,1,1,1,1,492,7,1480
297,1,1,1,1,1,299,7,901
1402,1,1,1,1,1,1404,7,4216
864,1,1,1,1,1,866,7,2602
976,1,1,1,1,1,978,7,2938
713,1,1,1,1,1,715,7,2149
248,1,1,1,1,1,250,7,754
1450,1,1,1,1,1,1452,7,4360
1404,1,1,1,1,1,1406,7,4222
1001,1,1,1,1,1,1003,7,3013
929,1,1,1,1,1,931,7,2797
1162,1,1,1,1,1,1164,7,3496
649,1,1,1,1,1,651,7,1957
904,1,1,1,1,1,906,7,2722
1544,1,1,1,1,1,1546,7,4642
1654,1,1,1,1,1,1656,7,4972
801,1,1,1,1,1,803,7,2413
1527,1,1,1,1,1,1529,7,4591
1256,1,1,1,1,1,1258,7,3778
636,1,1,1,1,1,638,7,1918
159,1,1,1,1,1,161,7,487
50,1,1,1,1,1,52,7,160
1023,1,1,1,1,1,1025,7,3079
735,1,1,1,1,1,737,7,2215
1412,1,1,1,1,1,1414,7,4246
265,1,1,1,1,1,267,7,805
502,1,1,1,1,1,504,7,1516
1447,1,1,1,1,1,1449,7,4351
1372,1,1,1,1,1,1374,7,4126
246,1,1,1,1,1,248,7,748
1388,1,1,1,1,1,1390,7,4174
892,1,1,1,1,1,894,7,2686
780,1,1,1,1,1,782,7,2350
1562,1,1,1,1,1,1564,7,4696
227,1,1,1,1,1,229,7,691
689,1,1,1,1,1,691,7,2077
818,1,1,1,1,1,820,7,2464
128,1,1,1,1,1,130,7,394
890,1,1,1,1,1,892,7,2680
1336,1,1,1,1,1,1338,7,4018
595,1,1,1,1,1,597,7,1795
1521,1,1,1,1,1,1523,7,4573
1396,1,1,1,1,1,1398,7,4198
1341,1,1,1,1,1,1343,7,4033
769,1,1,1,1,1,771,7,2317
778,1,1,1,1,1,780,7,2344
356,1,1,1,1,1,358,7,1078
854,1,1,1,1,1,856,7,2572
1155,1,1,1,1,1,1157,7,3475
107,1,1,1,1,1,109,7,331
913,1,1,1,1,1,915,7,2749
187,1,1,1,1,1,189,7,571
1474,1,1,1,1,1,1476,7,4432
1126,1,1,1,1,1,1128,7,3388
602,1,1,1,1,1,604,7,1816
109,1,1,1,1,1,111,7,337
1612,1,1,1,1,1,1614,7,4846
914,1,1,1,1,1,916,7,2752
1635,1,1,1,1,1,1637,7,4915
456,1,1,1,1,1,458,7,1378
1405,1,1,1,1,1,1407,7,4225
590,1,1,1,1,1,592,7,1780
23,1,1,1,1,1,25,7,79
546,1,1,1,1,1,548,7,1648
984,1,1,1,1,1,986,7,2962
111,1,1,1,1,1,113,7,343
208,1,1,1,1,1,210,7,634
902,1,1,1,1,1,904,7,2716
284,1,1,1,1,1,286,7,862
55,1,1,1,1,1,57,7,175
597,1,1,1,1,1,599,7,1801
100,1,1,1,1,1,102,7,310
673,1,1,1,1,1,675,7,2029
1208,1,1,1,1,1,1210,7,3634
945,1,1,1,1,1,947,7,2845
1048,1,1,1,1,1,1050,7,3154
38,1,1,1,1,1,40,7,124
58,1,1,1,1,1,60,7,184
290,1,1,1,1,1,292,7,880
814,1,1,1,1,1,816,7,2452
1005,1,1,1,1,1,1007,7,3025
1315,1,1,1,1,1,1317,7,3955
60,1,1,1,1,1,62,7,190
210,1,1,1,1,1,212,7,640
179,1,1,1,1,1,181,7,547
1323,1,1,1,1,1,1325,7,3979
1484,1,1,1,1,1,1486,7,4462
20,1,1,1,1,1,22,7,70
361,1,1,1,1,1,363,7,1093
1379,1,1,1,1,1,1381,7,4147
1246,1,1,1,1,1,1248,7,3748
1178,1,1,1,1,1,1180,7,3544
1333,1,1,1,1,1,1335,7,4009
247,1,1,1,1,1,249,7,751
326,1,1,1,1,1,328,7,988
1113,1,1,1,1,1,1115,7,3349
1476,1,1,1,1,1,1478,7,4438
424,1,1,1,1,1,426,7,1282
1096,1,1,1,1,1,1098,7,3298
760,1,1,1,1,1,762,7,2290
1020,1,1,1,1,1,1022,7,3070
1169,1,1,1,1,1,1171,7,3517
1385,1,1,1,1,1,1387,7,4165
3,1,1,1,1,1,5,7,19
526,1,1,1,1,1,528,7,1588
611,1,1,1,1,1,613,7,1843
319,1,1,1,1,1,321,7,967
45,1,1,1,1,1,47,7,145
1107,1,1,1,1,1,1109,7,3331
1172,1,1,1,1,1,1174,7,3526
883,1,1,1,1,1,885,7,2659
916,1,1,1,1,1,918,7,2758
719,1,1,1,1,1,721,7,2167
493,1,1,1,1,1,495,7,1489
1478,1,1,1,1,1,1480,7,4444
617,1,1,1,1,1,619,7,1861
1116,1,1,1,1,1,1118,7,3358
1165,1,1,1,1,1,1167,7,3505
267,1,1,1,1,1,269,7,811
14,1,1,1,1,1,16,7,52
1101,1,1,1,1,1,1103,7,3313
1373,1,1,1,1,1,1375,7,4129
618,1,1,1,1,1,620,7,1864
372,1,1,1,1,1,374,7,1126
1568,1,1,1,1,1,1570,7,4714
932,1,1,1,1,1,934,7,2806
403,1,1,1,1,1,405,7,1219
943,1,1,1,1,1,945,7,2839
789,1,1,1,1,1,791,7,2377
1426,1,1,1,1,1,1428,7,4288
496,1,1,1,1,1,498,7,1498
1239,1,1,1,1,1,1241,7,3727
610,1,1,1,1,1,612,7,1840
252,1,1,1,1,1,254,7,766
1130,1,1,1,1,1,1132,7,3400
1607,1,1,1,1,1,1609,7,4831
938,1,1,1,1,1,940,7,2824
1080,1,1,1,1,1,1082,7,3250
1510,1,1,1,1,1,1512,7,4540
937,1,1,1,1,1,939,7,2821
645,1,1,1,1,1,647,7,1945
1064,1,1,1,1,1,1066,7,3202
1500,1,1,1,1,1,1502,7,4510
917,1,1,1,1,1,919,7,2761
776,1,1,1,1,1,778,7,2338
1448,1,1,1,1,1,1450,7,4354
835,1,1,1,1,1,837,7,2515
213,1,1,1,1,1,215,7,649
120,1,1,1,1,1,122,7,370
235,1,1,1,1,1,237,7,715
958,1,1,1,1,1,960,7,2884
964,1,1,1,1,1,966,7,2902
648,1,1,1,1,1,650,7,1954
987,1,1,1,1,1,989,7,2971
1549,1,1,1,1,1,1551,7,4657
1212,1,1,1,1,1,1214,7,3646
1384,1,1,1,1,1,1386,7,4162
986,1,1,1,1,1,988,7,2968
823,1,1,1,1,1,825,7,2479
1397,1,1,1,1,1,1399,7,4201
1514,1,1,1,1,1,1516,7,4552
1081,1,1,1,1,1,1083,7,3253
1171,1,1,1,1,1,1173,7,3523
505,1,1,1,1,1,507,7,1525
1338,1,1,1,1,1,1340,7,4024
1055,1,1,1,1,1,1057,7,3175
1580,1,1,1,1,1,1582,7,4750
948,1,1,1,1,1,950,7,2854
1363,1,1,1,1,1,1365,7,4099
443,1,1,1,1,1,445,7,1339
947,1,1,1,1,1,949,7,2851
1496,1,1,1,1,1,1498,7,4498
1594,1,1,1,1,1,1596,7,4792
1104,1,1,1,1,1,1106,7,3322
196,1,1,1,1,1,198,7,598
331,1,1,1,1,1,333,7,1003
1051,1,1,1,1,1,1053,7,3163
343,1,1,1,1,1,345,7,1039
178,1,1,1,1,1,180,7,544
603,1,1,1,1,1,605,7,1819
845,1,1,1,1,1,847,7,2545
739,1,1,1,1,1,741,7,2227
1611,1,1,1,1,1,1613,7,4843
970,1,1,1,1,1,972,7,2920
1152,1,1,1,1,1,1154,7,3466
756,1,1,1,1,1,758,7,2278
1283,1,1,1,1,1,1285,7,3859
600,1,1,1,1,1,602,7,1810
855,1,1,1,1,1,857,7,2575
98,1,1,1,1,1,100,7,304
508,1,1,1,1,1,510,7,1534
1632,1,1,1,1,1,1634,7,4906
982,1,1,1,1,1,984,7,2956
1233,1,1,1,1,1,1235,7,3709
681,1,1,1,1,1,683,7,2053
1207,1,1,1,1,1,1209,7,3631
866,1,1,1,1,1,868,7,2608
775,1,1,1,1,1,777,7,2335
571,1,1,1,1,1,573,7,1723
56,1,1,1,1,1,58,7,178
296,1,1,1,1,1,298,7,898
507,1,1,1,1,1,509,7,1531
18,1,1,1,1,1,20,7,64
350,1,1,1,1,1,352,7,1060
1249,1,1,1,1,1,1251,7,3757
1318,1,1,1,1,1,1320,7,3964
185,1,1,1,1,1,187,7,565
923,1,1,1,1,1,925,7,2779
908,1,1,1,1,1,910,7,2734
960,1,1,1,1,1,962,7,2890
1117,1,1,1,1,1,1119,7,3361
1445,1,1,1,1,1,1447,7,4345
518,1,1,1,1,1,520,7,1564
1135,1,1,1,1,1,1137,7,3415
1217,1,1,1,1,1,1219,7,3661
192,1,1,1,1,1,194,7,586
858,1,1,1,1,1,860,7,2584
12,1,1,1,1,1,14,7,46
678,1,1,1,1,1,680,7,2044
1145,1,1,1,1,1,1147,7,3445
6,1,1,1,1,1,8,7,28
1279,1,1,1,1,1,1281,7,3847
605,1,1,1,1,1,607,7,1825
1003,1,1,1,1,1,1005,7,3019
498,1,1,1,1,1,500,7,1504
684,1,1,1,1,1,686,7,2062
926,1,1,1,1,1,928,7,2788
1179,1,1,1,1,1,1181,7,3547
94,1,1,1,1,1,96,7,292
306,1,1,1,1,1,308,7,928
811,1,1,1,1,1,813,7,2443
1052,1,1,1,1,1,1054,7,3166
46,1,1,1,1,1,48,7,148
224,1,1,1,1,1,226,7,682
1570,1,1,1,1,1,1572,7,4720
686,1,1,1,1,1,688,7,2068
956,1,1,1,1,1,958,7,2878
1411,1,1,1,1,1,1413,7,4243
895,1,1,1,1,1,897,7,2695
1196,1,1,1,1,1,1198,7,3598
52,1,1,1,1,1,54,7,166
238,1,1,1,1,1,240,7,724
800,1,1,1,1,1,802,7,2410
1227,1,1,1,1,1,1229,7,3691
269,1,1,1,1,1,271,7,817
533,1,1,1,1,1,535,7,1609
848,1,1,1,1,1,850,7,2554
797,1,1,1,1,1,799,7,2401
1199,1,1,1,1,1,1201,7,3607
581,1,1,1,1,1,583,7,1753
249,1,1,1,1,1,251,7,757
1599,1,1,1,1,1,1601,7,4807
453,1,1,1,1,1,455,7,1369
839,1,1,1,1,1,841,7,2527
989,1,1,1,1,1,991,7,2977
933,1,1,1,1,1,935,7,2809
1557,1,1,1,1,1,1559,7,4681
1231,1,1,1,1,1,1233,7,3703
1526,1,1,1,1,1,1528,7,4588
355,1,1,1,1,1,357,7,1075
33,1,1,1,1,1,35,7,109
593,1,1,1,1,1,595,7,1789
642,1,1,1,1,1,644,7,1936
440,1,1,1,1,1,442,7,1330
1083,1,1,1,1,1,1085,7,3259
1061,1,1,1,1,1,1063,7,3193
1012,1,1,1,1,1,1014,7,3046
817,1,1,1,1,1,819,7,2461
11,1,1,1,1,1,13,7,43
1238,1,1,1,1,1,1240,7,3724
0,1,1,1,1,1,2,7,10
1314,1,1,1,1,1,1316,7,3952
10,1,1,1,1,1,12,7,40
1339,1,1,1,1,1,1341,7,4027
887,1,1,1,1,1,889,7,2671
872,1,1,1,1,1,874,7,2626
1596,1,1,1,1,1,1598,7,4798
667,1,1,1,1,1,669,7,2011
1002,1,1,1,1,1,1004,7,3016
455,1,1,1,1,1,457,7,1375
1369,1,1,1,1,1,1371,7,4117
105,1,1,1,1,1,107,7,325
549,1,1,1,1,1,551,7,1657
1502,1,1,1,1,1,1504,7,4516
1608,1,1,1,1,1,1610,7,4834
1311,1,1,1,1,1,1313,7,3943
633,1,1,1,1,1,635,7,1909
1260,1,1,1,1,1,1262,7,3790
419,1,1,1,1,1,421,7,1267
700,1,1,1,1,1,702,7,2110
757,1,1,1,1,1,759,7,2281
896,1,1,1,1,1,898,7,2698
1572,1,1,1,1,1,1574,7,4726
568,1,1,1,1,1,570,7,1714
491,1,1,1,1,1,493,7,1483
831,1,1,1,1,1,833,7,2503
223,1,1,1,1,1,225,7,679
1377,1,1,1,1,1,1379,7,4141
697,1,1,1,1,1,699,7,2101
151,1,1,1,1,1,153,7,463
262,1,1,1,1,1,264,7,796
601,1,1,1,1,1,603,7,1813
621,1,1,1,1,1,623,7,1873
511,1,1,1,1,1,513,7,1543
1139,1,1,1,1,1,1141,7,3427
255,1,1,1,1,1,257,7,775
80,1,1,1,1,1,82,7,250
1640,1,1,1,1,1,1642,7,4930
411,1,1,1,1,1,413,7,1243
1644,1,1,1,1,1,1646,7,4942
1016,1,1,1,1,1,1018,7,3058
606,1,1,1,1,1,608,7,1828
101,1,1,1,1,1,103,7,313
180,1,1,1,1,1,182,7,550
644,1,1,1,1,1,646,7,1942
1222,1,1,1,1,1,1224,7,3676
402,1,1,1,1,1,404,7,1216
1645,1,1,1,1,1,1647,7,4945
1392,1,1,1,1,1,1394,7,4186
726,1,1,1,1,1,728,7,2188
256,1,1,1,1,1,258,7,778
382,1,1,1,1,1,384,7,1156
1085,1,1,1,1,1,1087,7,3265
1652,1,1,1,1,1,1654,7,4966
409,1,1,1,1,1,411,7,1237
477,1,1,1,1,1,479,7,1441
371,1,1,1,1,1,373,7,1123
857,1,1,1,1,1,859,7,2581
243,1,1,1,1,1,245,7,739
1429,1,1,1,1,1,1431,7,4297
1215,1,1,1,1,1,1217,7,3655
429,1,1,1,1,1,431,7,1297
1053,1,1,1,1,1,1055,7,3169
1542,1,1,1,1,1,1544,7,4636
852,1,1,1,1,1,854,7,2566
40,1,1,1,1,1,42,7,130
1122,1,1,1,1,1,1124,7,3376
1028,1,1,1,1,1,1030,7,3094
1078,1,1,1,1,1,1080,7,3244
199,1,1,1,1,1,201,7,607
28,1,1,1,1,1,30,7,94
345,1,1,1,1,1,347,7,1045
1413,1,1,1,1,1,1415,7,4249
1556,1,1,1,1,1,1558,7,4678
42,1,1,1,1,1,44,7,136
1365,1,1,1,1,1,1367,7,4105
559,1,1,1,1,1,561,7,1687
189,1,1,1,1,1,191,7,577
819,1,1,1,1,1,821,7,2467
1245,1,1,1,1,1,1247,7,3745
1183,1,1,1,1,1,1185,7,3559
465,1,1,1,1,1,467,7,1405
1137,1,1,1,1,1,1139,7,3421
257,1,1,1,1,1,259,7,781
1504,1,1,1,1,1,1506,7,4522
853,1,1,1,1,1,855,7,2569
1270,1,1,1,1,1,1272,7,3820
1042,1,1,1,1,1,1044,7,3136
422,1,1,1,1,1,424,7,1276
1025,1,1,1,1,1,1027,7,3085
5,1,1,1,1,1,7,7,25
452,1,1,1,1,1,454,7,1366
163,1,1,1,1,1,165,7,499
677,1,1,1,1,1,679,7,2041
907,1,1,1,1,1,909,7,2731
1343,1,1,1,1,1,1345,7,4039
550,1,1,1,1,1,552,7,1660
658,1,1,1,1,1,660,7,1984
376,1,1,1,1,1,378,7,1138
1593,1,1,1,1,1,1595,7,4789
414,1,1,1,1,1,416,7,1252
1133,1,1,1,1,1,1135,7,3409
1555,1,1,1,1,1,1557,7,4675
1603,1,1,1,1,1,1605,7,4819
1452,1,1,1,1,1,1454,7,4366
952,1,1,1,1,1,954,7,2866
1430,1,1,1,1,1,1432,7,4300
416,1,1,1,1,1,418,7,1258
195,1,1,1,1,1,197,7,595
1486,1,1,1,1,1,1488,7,4468
1353,1,1,1,1,1,1355,7,4069
447,1,1,1,1,1,449,7,1351
1086,1,1,1,1,1,1088,7,3268
1332,1,1,1,1,1,1334,7,4006
1517,1,1,1,1,1,1519,7,4561
1269,1,1,1,1,1,1271,7,3817
439,1,1,1,1,1,441,7,1327
924,1,1,1,1,1,926,7,2782
865,1,1,1,1,1,867,7,2605
532,1,1,1,1,1,534,7,1606
207,1,1,1,1,1,209,7,631
1077,1,1,1,1,1,1079,7,3241
1039,1,1,1,1,1,1041,7,3127
704,1,1,1,1,1,706,7,2122
996,1,1,1,1,1,998,7,2998
918,1,1,1,1,1,920,7,2764
426,1,1,1,1,1,428,7,1288
851,1,1,1,1,1,853,7,2563
468,1,1,1,1,1,470,7,1414
584,1,1,1,1,1,586,7,1762
79,1,1,1,1,1,81,7,247
1047,1,1,1,1,1,1049,7,3151
295,1,1,1,1,1,297,7,895
130,1,1,1,1,1,132,7,400
1403,1,1,1,1,1,1405,7,4219
504,1,1,1,1,1,506,7,1522
535,1,1,1,1,1,537,7,1615
962,1,1,1,1,1,964,7,2896
567,1,1,1,1,1,569,7,1711
994,1,1,1,1,1,996,7,2992
1282,1,1,1,1,1,1284,7,3856
1124,1,1,1,1,1,1126,7,3382
506,1,1,1,1,1,508,7,1528
1166,1,1,1,1,1,1168,7,3508
1433,1,1,1,1,1,1435,7,4309
272,1,1,1,1,1,274,7,826
1605,1,1,1,1,1,1607,7,4825
585,1,1,1,1,1,587,7,1765
37,1,1,1,1,1,39,7,121
1480,1,1,1,1,1,1482,7,4450
731,1,1,1,1,1,733,7,2203
357,1,1,1,1,1,359,7,1081
21,1,1,1,1,1,23,7,73
672,1,1,1,1,1,674,7,2026
599,1,1,1,1,1,601,7,1807
374,1,1,1,1,1,376,7,1132
612,1,1,1,1,1,614,7,1846
1058,1,1,1,1,1,1060,7,3184
138,1,1,1,1,1,140,7,424
909,1,1,1,1,1,911,7,2737
844,1,1,1,1,1,846,7,2542
1374,1,1,1,1,1,1376,7,4132
1628,1,1,1,1,1,1630,7,4894
467,1,1,1,1,1,469,7,1411
898,1,1,1,1,1,900,7,2704
1655,1,1,1,1,1,1657,7,4975
342,1,1,1,1,1,344,7,1036
228,1,1,1,1,1,230,7,694
488,1,1,1,1,1,490,7,1474
1033,1,1,1,1,1,1035,7,3109
285,1,1,1,1,1,287,7,865
61,1,1,1,1,1,63,7,193
499,1,1,1,1,1,501,7,1507
1359,1,1,1,1,1,1361,7,4087
641,1,1,1,1,1,643,7,1933
485,1,1,1,1,1,487,7,1465
1173,1,1,1,1,1,1175,7,3529
616,1,1,1,1,1,618,7,1858
1259,1,1,1,1,1,1261,7,3787
939,1,1,1,1,1,941,7,2827
1561,1,1,1,1,1,1563,7,4693
669,1,1,1,1,1,671,7,2017
292,1,1,1,1,1,294,7,886
1458,1,1,1,1,1,1460,7,4384
325,1,1,1,1,1,327,7,985
1159,1,1,1,1,1,1161,7,3487
1297,1,1,1,1,1,1299,7,3901
318,1,1,1,1,1,320,7,964
745,1,1,1,1,1,747,7,2245
270,1,1,1,1,1,272,7,820
1250,1,1,1,1,1,1252,7,3760
1006,1,1,1,1,1,1008,7,3028
1637,1,1,1,1,1,1639,7,4921
1034,1,1,1,1,1,1036,7,3112
1539,1,1,1,1,1,1541,7,4627
1638,1,1,1,1,1,1640,7,4924
417,1,1,1,1,1,419,7,1261
746,1,1,1,1,1,748,7,2248
373,1,1,1,1,1,375,7,1129
1625,1,1,1,1,1,1627,7,4885
1066,1,1,1,1,1,1068,7,3208
512,1,1,1,1,1,514,7,1546
191,1,1,1,1,1,193,7,583
1321,1,1,1,1,1,1323,7,3973
421,1,1,1,1,1,423,7,1273
472,1,1,1,1,1,474,7,1426
1036,1,1,1,1,1,1038,7,3118
1634,1,1,1,1,1,1636,7,4912
1467,1,1,1,1,1,1469,7,4411
1348,1,1,1,1,1,1350,7,4054
1408,1,1,1,1,1,1410,7,4234
523,1,1,1,1,1,525,7,1579
1230,1,1,1,1,1,1232,7,3700
639,1,1,1,1,1,641,7,1927
147,1,1,1,1,1,149,7,451
888,1,1,1,1,1,890,7,2674
155,1,1,1,1,1,157,7,475
884,1,1,1,1,1,886,7,2662
1302,1,1,1,1,1,1304,7,3916
1352,1,1,1,1,1,1354,7,4066
1431,1,1,1,1,1,1433,7,4303
1293,1,1,1,1,1,1295,7,3889
458,1,1,1,1,1,460,7,1384
72,1,1,1,1,1,74,7,226
802,1,1,1,1,1,804,7,2416
77,1,1,1,1,1,79,7,241
1254,1,1,1,1,1,1256,7,3772
1157,1,1,1,1,1,1159,7,3481
1294,1,1,1,1,1,1296,7,3892
696,1,1,1,1,1,698,7,2098
478,1,1,1,1,1,480,7,1444
473,1,1,1,1,1,475,7,1429
1407,1,1,1,1,1,1409,7,4231
1382,1,1,1,1,1,1384,7,4156
1536,1,1,1,1,1,1538,7,4618
539,1,1,1,1,1,541,7,1627
1164,1,1,1,1,1,1166,7,3502
1119,1,1,1,1,1,1121,7,3367
791,1,1,1,1,1,793,7,2383
1383,1,1,1,1,1,1385,7,4159
608,1,1,1,1,1,610,7,1834
1497,1,1,1,1,1,1499,7,4501
486,1,1,1,1,1,488,7,1468
589,1,1,1,1,1,591,7,1777
925,1,1,1,1,1,927,7,2785
201,1,1,1,1,1,203,7,613
1535,1,1,1,1,1,1537,7,4615
630,1,1,1,1,1,632,7,1900
124,1,1,1,1,1,126,7,382
759,1,1,1,1,1,761,7,2287
784,1,1,1,1,1,786,7,2362
1606,1,1,1,1,1,1608,7,4828
1073,1,1,1,1,1,1075,7,3229
359,1,1,1,1,1,361,7,1087
1299,1,1,1,1,1,1301,7,3907
683,1,1,1,1,1,685,7,2059
629,1,1,1,1,1,631,7,1897
75,1,1,1,1,1,77,7,235
1420,1,1,1,1,1,1422,7,4270
418,1,1,1,1,1,420,7,1264
242,1,1,1,1,1,244,7,736
1461,1,1,1,1,1,1463,7,4393
1590,1,1,1,1,1,1592,7,4780
1143,1,1,1,1,1,1145,7,3439
1453,1,1,1,1,1,1455,7,4369
43,1,1,1,1,1,45,7,139
1072,1,1,1,1,1,1074,7,3226
1252,1,1,1,1,1,1254,7,3766
1451,1,1,1,1,1,1453,7,4363
1468,1,1,1,1,1,1470,7,4414
569,1,1,1,1,1,571,7,1717
716,1,1,1,1,1,718,7,2158
579,1,1,1,1,1,581,7,1747
171,1,1,1,1,1,173,7,523
1469,1,1,1,1,1,1471,7,4417
856,1,1,1,1,1,858,7,2578
953,1,1,1,1,1,955,7,2869
137,1,1,1,1,1,139,7,421
981,1,1,1,1,1,983,7,2953
912,1,1,1,1,1,914,7,2746
790,1,1,1,1,1,792,7,2380
1044,1,1,1,1,1,1046,7,3142
862,1,1,1,1,1,864,7,2596
565,1,1,1,1,1,567,7,1705
530,1,1,1,1,1,532,7,1600
1421,1,1,1,1,1,1423,7,4273
1466,1,1,1,1,1,1468,7,4408
1068,1,1,1,1,1,1070,7,3214
1286,1,1,1,1,1,1288,7,3868
1330,1,1,1,1,1,1332,7,4000
54,1,1,1,1,1,56,7,172
310,1,1,1,1,1,312,7,940
141,1,1,1,1,1,143,7,433
796,1,1,1,1,1,798,7,2398
1287,1,1,1,1,1,1289,7,3871
525,1,1,1,1,1,527,7,1585
437,1,1,1,1,1,439,7,1321
675,1,1,1,1,1,677,7,2035
1538,1,1,1,1,1,1540,7,4624
1082,1,1,1,1,1,1084,7,3256
1653,1,1,1,1,1,1655,7,4969
74,1,1,1,1,1,76,7,232
104,1,1,1,1,1,106,7,322
519,1,1,1,1,1,521,7,1567
430,1,1,1,1,1,432,7,1300
1422,1,1,1,1,1,1424,7,4276
112,1,1,1,1,1,114,7,346
1499,1,1,1,1,1,1501,7,4507
1489,1,1,1,1,1,1491,7,4477
1337,1,1,1,1,1,1339,7,4021
750,1,1,1,1,1,752,7,2260
1221,1,1,1,1,1,1223,7,3673
1416,1,1,1,1,1,1418,7,4258
57,1,1,1,1,1,59,7,181
1138,1,1,1,1,1,1140,7,3424
90,1,1,1,1,1,92,7,280
527,1,1,1,1,1,529,7,1591
1506,1,1,1,1,1,1508,7,4528
1390,1,1,1,1,1,1392,7,4180
479,1,1,1,1,1,481,7,1447
1576,1,1,1,1,1,1578,7,4738
545,1,1,1,1,1,547,7,1645
441,1,1,1,1,1,443,7,1333
863,1,1,1,1,1,865,7,2599
555,1,1,1,1,1,557,7,1675
1268,1,1,1,1,1,1270,7,3814
807,1,1,1,1,1,809,7,2431
333,1,1,1,1,1,335,7,1009
415,1,1,1,1,1,417,7,1255
484,1,1,1,1,1,486,7,1462
188,1,1,1,1,1,190,7,574
1273,1,1,1,1,1,1275,7,3829
309,1,1,1,1,1,311,7,937
308,1,1,1,1,1,310,7,934
413,1,1,1,1,1,415,7,1249
73,1,1,1,1,1,75,7,229
68,1,1,1,1,1,70,7,214
368,1,1,1,1,1,370,7,1114
1641,1,1,1,1,1,1643,7,4933
880,1,1,1,1,1,882,7,2650
47,1,1,1,1,1,49,7,151
794,1,1,1,1,1,796,7,2392
1214,1,1,1,1,1,1216,7,3652
65,1,1,1,1,1,67,7,205
131,1,1,1,1,1,133,7,403
1200,1,1,1,1,1,1202,7,3610
978,1,1,1,1,1,980,7,2944
598,1,1,1,1,1,600,7,1804
97,1,1,1,1,1,99,7,301
420,1,1,1,1,1,422,7,1270
562,1,1,1,1,1,564,7,1696
1487,1,1,1,1,1,1489,7,4471
329,1,1,1,1,1,331,7,997
1037,1,1,1,1,1,1039,7,3121
1197,1,1,1,1,1,1199,7,3601
1525,1,1,1,1,1,1527,7,4585
869,1,1,1,1,1,871,7,2617
1601,1,1,1,1,1,1603,7,4813
1490,1,1,1,1,1,1492,7,4480
387,1,1,1,1,1,389,7,1171
67,1,1,1,1,1,69,7,211
44,1,1,1,1,1,46,7,142
469,1,1,1,1,1,471,7,1417
156,1,1,1,1,1,158,7,478
1346,1,1,1,1,1,1348,7,4048
323,1,1,1,1,1,325,7,979
572,1,1,1,1,1,574,7,1726
1071,1,1,1,1,1,1073,7,3223
1014,1,1,1,1,1,1016,7,3052
836,1,1,1,1,1,838,7,2518
26,1,1,1,1,1,28,7,88
215,1,1,1,1,1,217,7,655
153,1,1,1,1,1,155,7,469
1067,1,1,1,1,1,1069,7,3211
941,1,1,1,1,1,943,7,2833
968,1,1,1,1,1,970,7,2914
341,1,1,1,1,1,343,7,1033
1465,1,1,1,1,1,1467,7,4405
400,1,1,1,1,1,402,7,1210
694,1,1,1,1,1,696,7,2092
444,1,1,1,1,1,446,7,1342
1029,1,1,1,1,1,1031,7,3097
234,1,1,1,1,1,236,7,712
457,1,1,1,1,1,459,7,1381
1554,1,1,1,1,1,1556,7,4672
84,1,1,1,1,1,86,7,262
1647,1,1,1,1,1,1649,7,4951
1045,1,1,1,1,1,1047,7,3145
922,1,1,1,1,1,924,7,2776
321,1,1,1,1,1,323,7,973
250,1,1,1,1,1,252,7,760
337,1,1,1,1,1,339,7,1021
1624,1,1,1,1,1,1626,7,4882
659,1,1,1,1,1,661,7,1987
1110,1,1,1,1,1,1112,7,3340
59,1,1,1,1,1,61,7,187
214,1,1,1,1,1,216,7,652
1552,1,1,1,1,1,1554,7,4666
393,1,1,1,1,1,395,7,1189
1158,1,1,1,1,1,1160,7,3484
1616,1,1,1,1,1,1618,7,4858
1597,1,1,1,1,1,1599,7,4801
714,1,1,1,1,1,716,7,2152
268,1,1,1,1,1,270,7,814
969,1,1,1,1,1,971,7,2917
1358,1,1,1,1,1,1360,7,4084
647,1,1,1,1,1,649,7,1951
826,1,1,1,1,1,828,7,2488
813,1,1,1,1,1,815,7,2449
1386,1,1,1,1,1,1388,7,4168
676,1,1,1,1,1,678,7,2038
503,1,1,1,1,1,505,7,1519
129,1,1,1,1,1,131,7,397
614,1,1,1,1,1,616,7,1852
148,1,1,1,1,1,150,7,454
1449,1,1,1,1,1,1451,7,4357
975,1,1,1,1,1,977,7,2935
229,1,1,1,1,1,231,7,697
721,1,1,1,1,1,723,7,2173
1295,1,1,1,1,1,1297,7,3895
470,1,1,1,1,1,472,7,1420
1335,1,1,1,1,1,1337,7,4015
225,1,1,1,1,1,227,7,685
118,1,1,1,1,1,120,7,364
81,1,1,1,1,1,83,7,253
1097,1,1,1,1,1,1099,7,3301
102,1,1,1,1,1,104,7,316
1551,1,1,1,1,1,1553,7,4663
276,1,1,1,1,1,278,7,838
259,1,1,1,1,1,261,7,787
662,1,1,1,1,1,664,7,1996
22,1,1,1,1,1,24,7,76
1098,1,1,1,1,1,1100,7,3304
1054,1,1,1,1,1,1056,7,3172
231,1,1,1,1,1,233,7,703
397,1,1,1,1,1,399,7,1201
1229,1,1,1,1,1,1231,7,3697
487,1,1,1,1,1,489,7,1471
1132,1,1,1,1,1,1134,7,3406
1076,1,1,1,1,1,1078,7,3238
1598,1,1,1,1,1,1600,7,4804
879,1,1,1,1,1,881,7,2647
765,1,1,1,1,1,767,7,2305
320,1,1,1,1,1,322,7,970
1035,1,1,1,1,1,1037,7,3115
538,1,1,1,1,1,540,7,1624
1114,1,1,1,1,1,1116,7,3352
576,1,1,1,1,1,578,7,1738
405,1,1,1,1,1,407,7,1225
531,1,1,1,1,1,533,7,1603
840,1,1,1,1,1,842,7,2530
174,1,1,1,1,1,176,7,532
521,1,1,1,1,1,523,7,1573
838,1,1,1,1,1,840,7,2524
1633,1,1,1,1,1,1635,7,4909
919,1,1,1,1,1,921,7,2767
87,1,1,1,1,1,89,7,271
1022,1,1,1,1,1,1024,7,3076
787,1,1,1,1,1,789,7,2371
1120,1,1,1,1,1,1122,7,3370
301,1,1,1,1,1,303,7,913
168,1,1,1,1,1,170,7,514
846,1,1,1,1,1,848,7,2548
334,1,1,1,1,1,336,7,1012
220,1,1,1,1,1,222,7,670
1151,1,1,1,1,1,1153,7,3463
51,1,1,1,1,1,53,7,163
1600,1,1,1,1,1,1602,7,4810
971,1,1,1,1,1,973,7,2923
1592,1,1,1,1,1,1594,7,4786
237,1,1,1,1,1,239,7,721
691,1,1,1,1,1,693,7,2083
966,1,1,1,1,1,968,7,2908
1202,1,1,1,1,1,1204,7,3616
1519,1,1,1,1,1,1521,7,4567
666,1,1,1,1,1,668,7,2008
1021,1,1,1,1,1,1023,7,3073
997,1,1,1,1,1,999,7,3001
583,1,1,1,1,1,585,7,1759
613,1,1,1,1,1,615,7,1849
723,1,1,1,1,1,725,7,2179
536,1,1,1,1,1,538,7,1618
366,1,1,1,1,1,368,7,1108
1582,1,1,1,1,1,1584,7,4756
466,1,1,1,1,1,468,7,1408
1614,1,1,1,1,1,1616,7,4852
768,1,1,1,1,1,770,7,2314
873,1,1,1,1,1,875,7,2629
222,1,1,1,1,1,224,7,676
575,1,1,1,1,1,577,7,1735
182,1,1,1,1,1,184,7,556
1532,1,1,1,1,1,1534,7,4606
175,1,1,1,1,1,177,7,535
594,1,1,1,1,1,596,7,1792
139,1,1,1,1,1,141,7,427
1296,1,1,1,1,1,1298,7,3898
1472,1,1,1,1,1,1474,7,4426
1417,1,1,1,1,1,1419,7,4261
92,1,1,1,1,1,94,7,286
1440,1,1,1,1,1,1442,7,4330
515,1,1,1,1,1,517,7,1555
928,1,1,1,1,1,930,7,2794
1313,1,1,1,1,1,1315,7,3949
1376,1,1,1,1,1,1378,7,4138
806,1,1,1,1,1,808,7,2428
783,1,1,1,1,1,785,7,2359
1609,1,1,1,1,1,1611,7,4837
408,1,1,1,1,1,410,7,1234
582,1,1,1,1,1,584,7,1756
245,1,1,1,1,1,247,7,745
1650,1,1,1,1,1,1652,7,4960
1263,1,1,1,1,1,1265,7,3799
293,1,1,1,1,1,295,7,889
1523,1,1,1,1,1,1525,7,4579
233,1,1,1,1,1,235,7,709
1093,1,1,1,1,1,1095,7,3289
870,1,1,1,1,1,872,7,2620
135,1,1,1,1,1,137,7,415
177,1,1,1,1,1,179,7,541
1347,1,1,1,1,1,1349,7,4051
626,1,1,1,1,1,628,7,1888
885,1,1,1,1,1,887,7,2665
1244,1,1,1,1,1,1246,7,3742
434,1,1,1,1,1,436,7,1312
370,1,1,1,1,1,372,7,1120
1436,1,1,1,1,1,1438,7,4318
517,1,1,1,1,1,519,7,1561
303,1,1,1,1,1,305,7,919
561,1,1,1,1,1,563,7,1693
687,1,1,1,1,1,689,7,2071
737,1,1,1,1,1,739,7,2221
1464,1,1,1,1,1,1466,7,4402
1362,1,1,1,1,1,1364,7,4096
1074,1,1,1,1,1,1076,7,3232
860,1,1,1,1,1,862,7,2590
471,1,1,1,1,1,473,7,1423
631,1,1,1,1,1,633,7,1903
1629,1,1,1,1,1,1631,7,4897
733,1,1,1,1,1,735,7,2209
698,1,1,1,1,1,700,7,2104
338,1,1,1,1,1,340,7,1024
1127,1,1,1,1,1,1129,7,3391
162,1,1,1,1,1,164,7,496
1062,1,1,1,1,1,1064,7,3196
889,1,1,1,1,1,891,7,2677
1319,1,1,1,1,1,1321,7,3967
1312,1,1,1,1,1,1314,7,3946
524,1,1,1,1,1,526,7,1582
1125,1,1,1,1,1,1127,7,3385
1255,1,1,1,1,1,1257,7,3775
1360,1,1,1,1,1,1362,7,4090
744,1,1,1,1,1,746,7,2242
1522,1,1,1,1,1,1524,7,4576
557,1,1,1,1,1,559,7,1681
435,1,1,1,1,1,437,7,1315
1092,1,1,1,1,1,1094,7,3286
552,1,1,1,1,1,554,7,1666
406,1,1,1,1,1,408,7,1228
451,1,1,1,1,1,453,7,1363
1642,1,1,1,1,1,1644,7,4936
1442,1,1,1,1,1,1444,7,4336
1604,1,1,1,1,1,1606,7,4822
1409,1,1,1,1,1,1411,7,4237
317,1,1,1,1,1,319,7,961
31,1,1,1,1,1,33,7,103
1529,1,1,1,1,1,1531,7,4597
454,1,1,1,1,1,456,7,1372
1090,1,1,1,1,1,1092,7,3280
62,1,1,1,1,1,64,7,196
1308,1,1,1,1,1,1310,7,3934
949,1,1,1,1,1,951,7,2857
442,1,1,1,1,1,444,7,1336
1153,1,1,1,1,1,1155,7,3469
861,1,1,1,1,1,863,7,2593
307,1,1,1,1,1,309,7,931
1325,1,1,1,1,1,1327,7,3985
774,1,1,1,1,1,776,7,2332
436,1,1,1,1,1,438,7,1318
378,1,1,1,1,1,380,7,1144
340,1,1,1,1,1,342,7,1030
803,1,1,1,1,1,805,7,2419
732,1,1,1,1,1,734,7,2206
827,1,1,1,1,1,829,7,2491
560,1,1,1,1,1,562,7,1690
1004,1,1,1,1,1,1006,7,3022
1545,1,1,1,1,1,1547,7,4645
1602,1,1,1,1,1,1604,7,4816
1577,1,1,1,1,1,1579,7,4741
315,1,1,1,1,1,317,7,955
810,1,1,1,1,1,812,7,2440
798,1,1,1,1,1,800,7,2404
145,1,1,1,1,1,147,7,445
379,1,1,1,1,1,381,7,1147
133,1,1,1,1,1,135,7,409
758,1,1,1,1,1,760,7,2284
13,1,1,1,1,1,15,7,49
83,1,1,1,1,1,85,7,259
1289,1,1,1,1,1,1291,7,3877
1149,1,1,1,1,1,1151,7,3457
91,1,1,1,1,1,93,7,283
1300,1,1,1,1,1,1302,7,3910
1569,1,1,1,1,1,1571,7,4717
990,1,1,1,1,1,992,7,2980
1306,1,1,1,1,1,1308,7,3928
1366,1,1,1,1,1,1368,7,4108
640,1,1,1,1,1,642,7,1930
1201,1,1,1,1,1,1203,7,3613
432,1,1,1,1,1,434,7,1306
314,1,1,1,1,1,316,7,952
1194,1,1,1,1,1,1196,7,3592
1030,1,1,1,1,1,1032,7,3100
1459,1,1,1,1,1,1461,7,4387
1264,1,1,1,1,1,1266,7,3802
1547,1,1,1,1,1,1549,7,4651
288,1,1,1,1,1,290,7,874
738,1,1,1,1,1,740,7,2224
1354,1,1,1,1,1,1356,7,4072
874,1,1,1,1,1,876,7,2632
921,1,1,1,1,1,923,7,2773
1225,1,1,1,1,1,1227,7,3685
1588,1,1,1,1,1,1590,7,4774
1591,1,1,1,1,1,1593,7,4783
328,1,1,1,1,1,330,7,994
1533,1,1,1,1,1,1535,7,4609
1393,1,1,1,1,1,1395,7,4189
176,1,1,1,1,1,178,7,538
690,1,1,1,1,1,692,7,2080
730,1,1,1,1,1,732,7,2200
859,1,1,1,1,1,861,7,2587
1177,1,1,1,1,1,1179,7,3541
1175,1,1,1,1,1,1177,7,3535
305,1,1,1,1,1,307,7,925
221,1,1,1,1,1,223,7,673
974,1,1,1,1,1,976,7,2932
1423,1,1,1,1,1,1425,7,4279
1560,1,1,1,1,1,1562,7,4690
410,1,1,1,1,1,412,7,1240
825,1,1,1,1,1,827,7,2485
154,1,1,1,1,1,156,7,472
122,1,1,1,1,1,124,7,376
9,1,1,1,1,1,11,7,37
1115,1,1,1,1,1,1117,7,3355
24,1,1,1,1,1,26,7,82
401,1,1,1,1,1,403,7,1213
563,1,1,1,1,1,565,7,1699
1558,1,1,1,1,1,1560,7,4684
753,1,1,1,1,1,755,7,2269
1129,1,1,1,1,1,1131,7,3397
680,1,1,1,1,1,682,7,2050
1154,1,1,1,1,1,1156,7,3472
509,1,1,1,1,1,511,7,1537
900,1,1,1,1,1,902,7,2710
258,1,1,1,1,1,260,7,784
